# DES-SN5YR photometry subset (public data release: DES Collaboration 2024;
# Sanchez et al. 2024; https://github.com/des-science/DES-SN5YR ,
# doi:10.5281/zenodo.12720777). Cosmology-sample SNe Ia (IDSURVEY 10),
# zHEL 0.05-0.65 stratified (all z<0.2 + 25/bin, seed 42); SNANA SMP
# FLUXCAL -> AB mag (27.5 - 2.5 log10 FLUXCAL), SNR >= 3.
# x1/c/mB/mu columns = the release SALT3 fits (DES-Dovekie_Metadata.csv),
# carried for cross-checks only.
snid,mjd,band,mag,emag
1247420,56534.2040,g,20.9686,0.0157
1247420,56534.2060,r,21.0131,0.0238
1247420,56538.3820,g,20.0503,0.0077
1247420,56538.3850,r,20.1229,0.0147
1247420,56543.3240,g,19.6783,0.0049
1247420,56543.3270,r,19.7762,0.0078
1247420,56547.2120,g,19.6408,0.0058
1247420,56547.2150,r,19.6801,0.0072
1247420,56551.2930,g,19.7324,0.0180
1247420,56551.2960,r,19.6744,0.0143
1247420,56559.1670,g,20.0863,0.0358
1247420,56559.1690,r,20.0737,0.0896
1247420,56563.2590,g,20.4164,0.0098
1247420,56563.2620,r,20.2456,0.0110
1247420,56567.1570,g,20.7427,0.0163
1247420,56567.1600,r,20.4093,0.0279
1247420,56575.1390,r,20.6264,0.0113
1247420,56579.1280,r,20.8194,0.0361
1247420,56591.0770,g,22.1280,0.0724
1247420,56591.0790,r,21.3913,0.0449
1247420,56602.0630,g,22.4516,0.0462
1247420,56602.0660,r,21.7902,0.0326
1247420,56615.0230,g,22.4630,0.1607
1247420,56615.0250,r,22.0633,0.1132
1247420,56618.0300,g,22.6365,0.0638
1247420,56618.0330,r,22.1064,0.0544
1247420,56627.0500,g,22.7946,0.0595
1247420,56627.0530,r,22.3179,0.0451
1247420,56635.0540,g,22.9852,0.1660
1247420,56635.0570,r,22.3210,0.1136
1247420,56642.1160,r,22.3805,0.2953
1247420,56648.1480,r,22.4151,0.1042
1247420,56653.0720,g,22.8170,0.1270
1247420,56653.0740,r,22.0755,0.0825
1247420,56660.1160,g,23.8998,0.2335
1247420,56660.1190,r,23.1745,0.1698
1247420,56676.0440,g,23.4113,0.1962
1247420,56676.0460,r,22.9126,0.1356
1247420,56691.0590,g,24.2113,0.3308
1247420,56691.0620,r,23.5529,0.2176
1249264,56534.1540,g,24.5630,0.1962
1249264,56534.1570,r,23.7410,0.1442
1249264,56534.1850,g,24.5276,0.1705
1249264,56534.1880,r,23.7876,0.1340
1249264,56534.1900,i,23.9041,0.2046
1249264,56534.1930,z,23.9000,0.2602
1249264,56538.1470,g,23.8561,0.1137
1249264,56538.1500,r,23.3326,0.1069
1249264,56538.1520,i,23.5717,0.2038
1249264,56538.1550,z,23.2394,0.1988
1249264,56538.1610,g,23.8567,0.1282
1249264,56538.1630,r,23.2688,0.0927
1249264,56538.1650,i,23.2615,0.1302
1249264,56538.1680,z,23.8650,0.2836
1249264,56543.0920,g,23.9638,0.1820
1249264,56543.0940,r,22.8659,0.1042
1249264,56543.0960,i,23.4556,0.2715
1249264,56543.0990,z,22.9944,0.2335
1249264,56543.1050,g,23.5806,0.1430
1249264,56543.1080,r,22.8726,0.1205
1249264,56543.1100,i,23.1817,0.2301
1249264,56547.0830,r,22.7534,0.1179
1249264,56547.0850,i,22.9765,0.1548
1249264,56547.0870,z,23.1740,0.2132
1249264,56547.0940,g,23.4538,0.2132
1249264,56547.0970,r,22.7521,0.1253
1249264,56547.0990,i,23.0377,0.1718
1249264,56547.1010,z,22.9811,0.2068
1249264,56551.0820,i,22.7781,0.2719
1249264,56551.0850,z,22.9983,0.3472
1249264,56551.2620,r,22.7435,0.2825
1249264,56551.2640,i,22.7668,0.2305
1249264,56551.2670,z,23.3396,0.3570
1249264,56558.0520,g,24.5901,0.2664
1249264,56558.0540,r,23.0585,0.0950
1249264,56558.0560,i,22.9249,0.1207
1249264,56558.0590,z,23.2230,0.2128
1249264,56563.0390,r,23.3643,0.1660
1249264,56563.0410,i,23.7291,0.3431
1249264,56563.0440,z,22.9074,0.2097
1249264,56563.0530,r,23.1257,0.1196
1249264,56563.0550,i,23.4647,0.2430
1249264,56575.0170,r,24.1405,0.2272
1249264,56575.0190,i,23.6591,0.1835
1249264,56575.0210,z,23.6790,0.2450
1249264,56575.0300,r,24.6364,0.3499
1249264,56575.0320,i,23.7598,0.1998
1249264,56579.0150,r,23.7096,0.3499
1250017,56536.2410,g,22.8767,0.1000
1250017,56537.2220,r,22.5560,0.1145
1250017,56537.2270,z,23.2799,0.3407
1250017,56543.2820,g,20.7764,0.0093
1250017,56543.2840,r,20.9224,0.0147
1250017,56543.2870,i,21.0144,0.0204
1250017,56543.2890,z,21.2808,0.0321
1250017,56547.2400,g,20.3684,0.0087
1250017,56547.2420,r,20.4908,0.0112
1250017,56547.2440,i,20.7269,0.0154
1250017,56547.2470,z,21.1014,0.0281
1250017,56551.2330,r,20.3029,0.0293
1250017,56551.2350,i,20.6192,0.0333
1250017,56551.2370,z,21.0514,0.0536
1250017,56559.2190,g,20.4075,0.0388
1250017,56559.2210,r,20.4439,0.0761
1250017,56559.2230,i,20.7281,0.0605
1250017,56559.2260,z,21.3359,0.0814
1250017,56563.2440,g,20.6444,0.0081
1250017,56563.2460,r,20.4877,0.0087
1250017,56563.2480,i,20.8559,0.0144
1250017,56563.2510,z,21.5766,0.0382
1250017,56567.1850,g,20.9106,0.0134
1250017,56567.1870,r,20.6650,0.0123
1250017,56567.1890,i,21.1001,0.0220
1250017,56567.1910,z,21.9682,0.0587
1250017,56575.1640,g,21.5808,0.0159
1250017,56575.1660,r,21.0416,0.0120
1250017,56575.1680,i,21.3598,0.0205
1250017,56575.1710,z,22.0933,0.0513
1250017,56579.1530,g,21.8536,0.0904
1250017,56579.1550,r,21.1861,0.0415
1250017,56579.1570,i,21.3976,0.0469
1250017,56579.1600,z,21.9586,0.0801
1250017,56590.3130,r,21.6474,0.0766
1250017,56590.3150,i,21.6035,0.0966
1250017,56590.3170,z,21.8178,0.1030
1250017,56594.1210,r,21.8679,0.0652
1250017,56594.1230,i,21.7824,0.0770
1250017,56594.1260,z,21.8959,0.1011
1250017,56602.0910,g,23.1587,0.0627
1250017,56602.0930,r,22.2291,0.0369
1250017,56602.0950,i,22.1793,0.0452
1250017,56602.0980,z,22.3185,0.0680
1250017,56606.0830,r,22.2238,0.1345
1250017,56606.0850,i,21.8420,0.1247
1250017,56606.0880,z,22.2416,0.2311
1250017,56609.0820,g,23.5000,0.3201
1250017,56609.0850,r,22.3869,0.0945
1250017,56609.0870,i,22.4320,0.0948
1250017,56609.0890,z,22.6400,0.1486
1250017,56616.0750,r,22.1944,0.2706
1250017,56616.0810,z,22.3390,0.2762
1250017,56625.2100,g,23.6238,0.1277
1250017,56625.2130,r,22.7246,0.0653
1250017,56625.2180,z,23.0922,0.1639
1250017,56629.0380,g,23.7852,0.2853
1250017,56629.0400,r,22.8084,0.1164
1250017,56629.0420,i,22.9238,0.1893
1250017,56629.0450,z,23.1469,0.2806
1250017,56636.0410,g,24.0848,0.3554
1250017,56636.0440,r,23.0461,0.1116
1250017,56636.0490,z,23.4674,0.2150
1250017,56645.1380,r,23.2034,0.2108
1250017,56645.1400,i,23.6969,0.2677
1250017,56645.1430,z,23.5333,0.2502
1250017,56649.1320,g,24.1118,0.3214
1250017,56649.1340,r,23.4413,0.1902
1250017,56649.1360,i,23.3198,0.1970
1250017,56653.1490,r,23.4218,0.2161
1250017,56660.0610,g,23.8730,0.1500
1250017,56660.0630,r,23.5551,0.1364
1250017,56660.0650,i,23.8210,0.2483
1250017,56676.0600,r,23.6706,0.2542
1250017,56676.0620,i,23.7061,0.2366
1250017,56683.0420,r,23.7722,0.3000
1250017,56690.0650,g,24.5886,0.3095
1250017,56690.0680,r,24.4903,0.3473
1250017,56690.0700,i,24.1089,0.3091
1250034,56543.2820,g,21.8569,0.0308
1250034,56543.2840,r,21.8150,0.0425
1250034,56543.2870,i,21.7266,0.0546
1250034,56543.2890,z,22.0882,0.0971
1250034,56547.2400,g,20.9141,0.0193
1250034,56547.2420,r,20.9982,0.0220
1250034,56547.2440,i,20.9641,0.0279
1250034,56547.2470,z,21.3133,0.0497
1250034,56551.2330,r,20.4671,0.0446
1250034,56551.2350,i,20.4842,0.0415
1250034,56551.2370,z,20.7168,0.0553
1250034,56559.2190,g,20.4129,0.0505
1250034,56559.2210,r,20.2621,0.0891
1250034,56559.2230,i,20.7072,0.0894
1250034,56559.2260,z,21.2034,0.1060
1250034,56563.2440,g,20.6115,0.0106
1250034,56563.2460,r,20.4483,0.0110
1250034,56563.2480,i,20.7028,0.0179
1250034,56563.2510,z,21.3200,0.0441
1250034,56567.1850,g,20.9355,0.0163
1250034,56567.1870,r,20.6083,0.0150
1250034,56567.1890,i,20.9877,0.0282
1250034,56567.1910,z,21.6156,0.0611
1250034,56575.1640,g,21.7824,0.0247
1250034,56575.1660,r,21.0003,0.0151
1250034,56575.1680,i,21.2029,0.0274
1250034,56575.1710,z,21.6447,0.0499
1250034,56579.1530,g,22.3257,0.1951
1250034,56579.1550,r,21.2980,0.0610
1250034,56579.1570,i,21.1863,0.0565
1250034,56579.1600,z,21.5847,0.0820
1250034,56590.3130,r,21.7950,0.1150
1250034,56590.3150,i,21.4310,0.1171
1250034,56590.3170,z,21.5119,0.1182
1250034,56594.1210,r,21.7493,0.0767
1250034,56594.1230,i,21.7707,0.1116
1250034,56594.1260,z,21.6995,0.1237
1250034,56602.0910,g,23.5606,0.1217
1250034,56602.0930,r,22.2621,0.0488
1250034,56602.0950,i,22.2180,0.0686
1250034,56602.0980,z,22.1635,0.0846
1250034,56606.0830,r,21.6623,0.1052
1250034,56606.0850,i,21.7867,0.1556
1250034,56606.0880,z,21.4104,0.1543
1250034,56609.0850,r,22.3443,0.1233
1250034,56609.0870,i,22.7205,0.1832
1250034,56609.0900,z,22.6011,0.2072
1250034,56625.2100,g,23.7843,0.2026
1250034,56625.2130,r,22.6865,0.0791
1250034,56625.2150,i,22.9590,0.1870
1250034,56625.2180,z,22.9378,0.2059
1250034,56629.0380,g,23.2219,0.2163
1250034,56629.0400,r,22.7398,0.1387
1250034,56629.0420,i,22.5071,0.1808
1250034,56629.0450,z,22.7368,0.2686
1250034,56636.0410,g,23.9020,0.3527
1250034,56636.0440,r,23.2803,0.1863
1250034,56636.0460,i,23.5473,0.2735
1250034,56636.0490,z,23.5362,0.3261
1250034,56645.1380,r,23.2127,0.2868
1250034,56649.1340,r,23.3532,0.2159
1250034,56649.1360,i,23.3997,0.3057
1250034,56649.1390,z,23.1860,0.3254
1250034,56653.1470,g,23.5567,0.2452
1250034,56653.1490,r,23.5481,0.2903
1250034,56653.1510,i,23.2947,0.3218
1250034,56660.0610,g,23.8785,0.2057
1250034,56660.0630,r,23.4746,0.1599
1250034,56660.0650,i,23.5918,0.2885
1250034,56676.0600,r,23.6810,0.3382
1250034,56683.0420,r,23.5525,0.2982
1250034,56690.0650,g,24.3453,0.3381
1253119,56547.0940,g,23.6750,0.2704
1253119,56551.0770,g,21.7083,0.3123
1253119,56551.0800,r,21.9016,0.2730
1253119,56563.0500,g,21.6314,0.0245
1253119,56563.0530,r,21.5384,0.0350
1253119,56563.0550,i,21.6047,0.0620
1253119,56567.0680,g,21.7510,0.2742
1253119,56567.0700,r,21.3891,0.3406
1253119,56575.0140,g,22.3226,0.0395
1253119,56575.0170,r,21.8854,0.0379
1253119,56575.0190,i,21.9062,0.0553
1253119,56579.0130,g,22.4880,0.1482
1253119,56579.0150,r,21.9701,0.0949
1253119,56579.0170,i,22.1359,0.1239
1253119,56590.0110,g,23.7101,0.2328
1253119,56590.0130,r,22.8641,0.2657
1253119,56590.0160,i,21.9215,0.2807
1253119,56594.0120,g,24.4085,0.3027
1253119,56594.0150,r,23.1220,0.1387
1253119,56594.0170,i,22.5642,0.1431
1253119,56602.0160,r,24.1765,0.3382
1253119,56602.0180,i,22.9423,0.1767
1253119,56609.0310,i,23.4886,0.3364
1253119,56615.0720,i,23.4535,0.3392
1253119,56649.0530,r,24.5549,0.3176
1253895,56559.1930,r,23.4084,0.2491
1253895,56559.1950,i,23.4236,0.2748
1253895,56559.1980,z,23.2925,0.2462
1253895,56563.2000,g,23.0950,0.0708
1253895,56563.2030,r,22.7145,0.0670
1253895,56567.2190,g,22.8236,0.0407
1253895,56567.2220,r,22.4198,0.0421
1253895,56567.2240,i,22.5149,0.0693
1253895,56567.2260,z,22.4036,0.0777
1253895,56575.1910,g,22.8539,0.0356
1253895,56575.1940,r,22.2112,0.0315
1253895,56575.1990,z,22.2964,0.0641
1253895,56579.1810,g,23.0247,0.1339
1253895,56579.1830,r,22.2667,0.0653
1253895,56579.1880,z,22.6046,0.1449
1253895,56590.3410,g,23.5518,0.2954
1253895,56590.3430,r,22.8589,0.2735
1253895,56594.1350,r,22.9211,0.1179
1253895,56594.1400,z,22.7385,0.2177
1253895,56602.1190,g,25.0745,0.2574
1253895,56602.1210,r,23.1946,0.0719
1253895,56602.1230,i,22.9358,0.0940
1253895,56602.1250,z,22.7032,0.1061
1253895,56607.0600,i,23.1796,0.2917
1253895,56607.0620,z,22.6569,0.2492
1253895,56614.0780,i,23.5552,0.3440
1253895,56614.0800,z,22.9522,0.1846
1253895,56628.0780,r,24.6239,0.3312
1253895,56628.0830,z,23.4618,0.2966
1253895,56635.1300,r,24.3899,0.3537
1253895,56635.1350,z,23.6079,0.3169
1253895,56645.0850,z,23.8237,0.3495
1253895,56660.0930,i,24.3109,0.3592
1253895,56660.0960,z,23.3960,0.2047
1253895,56667.1230,z,23.5382,0.3467
1253895,56682.0860,i,24.1250,0.3471
1253920,56567.2190,g,22.8953,0.0472
1253920,56567.2220,r,22.9468,0.0677
1253920,56567.2240,z,23.1624,0.1844
1253920,56567.2240,i,23.0062,0.0954
1253920,56575.1910,g,20.7383,0.0062
1253920,56575.1940,r,20.9401,0.0099
1253920,56575.1960,i,21.0183,0.0138
1253920,56575.1990,z,21.3021,0.0223
1253920,56579.1810,g,20.4578,0.0135
1253920,56579.1830,r,20.6515,0.0143
1253920,56579.1850,i,20.8376,0.0177
1253920,56579.1880,z,21.1136,0.0329
1253920,56590.3410,g,20.7599,0.0239
1253920,56590.3430,r,20.6030,0.0326
1253920,56590.3450,i,20.8209,0.1467
1253920,56594.1330,g,21.0813,0.0151
1253920,56594.1350,r,20.7989,0.0163
1253920,56594.1370,i,21.0921,0.0301
1253920,56594.1390,z,21.6047,0.0661
1253920,56602.1190,g,22.0800,0.0187
1253920,56602.1210,r,21.2586,0.0122
1253920,56602.1230,i,21.3761,0.0196
1253920,56602.1250,z,21.8216,0.0419
1253920,56607.0550,g,22.4896,0.1457
1253920,56607.0580,r,21.5169,0.0509
1253920,56607.0600,i,21.4406,0.0518
1253920,56607.0620,z,21.8167,0.1026
1253920,56614.0750,r,21.7498,0.0680
1253920,56614.0780,i,21.6323,0.0492
1253920,56614.0800,z,21.7234,0.0515
1253920,56615.0980,r,21.9065,0.1054
1253920,56615.1010,i,21.7253,0.0594
1253920,56615.1040,z,21.5557,0.0623
1253920,56628.0760,g,23.7368,0.1207
1253920,56628.0780,r,22.4487,0.0451
1253920,56628.0800,i,22.4053,0.0631
1253920,56628.0830,z,22.3354,0.0914
1253920,56635.1270,g,24.3173,0.3018
1253920,56635.1300,r,22.6908,0.0709
1253920,56635.1320,i,22.5802,0.0853
1253920,56635.1350,z,22.7476,0.1237
1253920,56645.0800,r,22.7983,0.1456
1253920,56645.0820,i,22.9649,0.1455
1253920,56645.0850,z,23.2069,0.1736
1253920,56649.1680,r,22.9921,0.1328
1253920,56649.1700,i,23.3765,0.2188
1253920,56649.1720,z,23.0610,0.1965
1253920,56653.0880,r,22.9654,0.1631
1253920,56653.0900,i,22.9532,0.2612
1253920,56660.0890,g,24.1861,0.1364
1253920,56660.0910,r,23.3869,0.0871
1253920,56660.0930,i,23.4909,0.1398
1253920,56660.0960,z,23.4282,0.1854
1253920,56667.1180,r,23.5712,0.2026
1253920,56667.1200,i,23.8498,0.2953
1253920,56667.1230,z,23.5293,0.2998
1253920,56675.1040,i,23.8697,0.3407
1253920,56675.1070,z,23.4844,0.2936
1253920,56682.0810,g,24.8589,0.2997
1253920,56682.0840,r,23.7982,0.1450
1253920,56686.1210,g,24.6100,0.2984
1253920,56686.1230,r,24.1591,0.2528
1253920,56693.0340,g,24.3893,0.3338
1253920,56693.0370,r,23.9751,0.2370
1254889,56568.1940,i,25.6930,0.3452
1254889,56568.2550,r,25.5204,0.2513
1254889,56575.2050,g,25.0617,0.1469
1254889,56575.2230,z,24.0496,0.0876
1254889,56575.3660,i,24.0920,0.1828
1254889,56576.1500,i,23.9308,0.0739
1254889,56576.1740,r,23.7522,0.0570
1254889,56579.2140,z,23.6791,0.0807
1254889,56579.3120,i,23.5119,0.0413
1254889,56579.3350,r,23.4683,0.0314
1254889,56591.2070,z,23.2972,0.0630
1254889,56591.3030,i,23.0688,0.0410
1254889,56591.3270,r,23.1538,0.0394
1254889,56595.1050,z,23.0697,0.1687
1254889,56602.1330,g,26.0215,0.3376
1254889,56602.1550,z,23.2262,0.0534
1254889,56602.2740,i,23.3659,0.0676
1254889,56602.3000,r,23.5089,0.0454
1254889,56607.2110,z,23.5331,0.1168
1254889,56607.2770,i,23.5647,0.0794
1254889,56607.3020,r,23.9920,0.0914
1254889,56611.2220,z,23.6295,0.1024
1254889,56611.2870,i,23.8383,0.1295
1254889,56615.1590,z,23.9783,0.2081
1254889,56615.2300,i,23.8411,0.1522
1254889,56625.2290,z,24.0285,0.1242
1254889,56625.2810,i,25.0038,0.2660
1254889,56627.1450,r,25.4321,0.1735
1254889,56629.0770,z,23.9647,0.1730
1254889,56629.1240,i,24.3836,0.2138
1254889,56635.1980,r,25.7545,0.3348
1254889,56636.0560,z,24.5241,0.1715
1254889,56641.0750,z,24.3809,0.2006
1254889,56648.0540,z,24.7535,0.2198
1254889,56653.1760,z,24.5881,0.3087
1254889,56656.0620,i,25.6031,0.2825
1254889,56660.1370,z,24.9377,0.2833
1256680,56559.1690,r,21.6439,0.2785
1256680,56591.0770,g,22.5114,0.0782
1256680,56591.0790,r,22.1467,0.0691
1256680,56591.0810,i,22.3342,0.1035
1256680,56591.0840,z,22.4850,0.1422
1256680,56595.0870,i,22.1611,0.2239
1256680,56595.0890,z,22.0532,0.1764
1256680,56602.0630,g,22.3205,0.0319
1256680,56602.0660,r,21.9756,0.0292
1256680,56602.0680,i,21.9211,0.0370
1256680,56602.0700,z,22.3311,0.0706
1256680,56607.0410,z,22.1095,0.1761
1256680,56615.0250,r,22.5213,0.1339
1256680,56618.0300,g,23.4734,0.1067
1256680,56618.0330,r,22.8183,0.0815
1256680,56618.0350,i,22.4799,0.0897
1256680,56618.0380,z,22.7487,0.1410
1256680,56627.0500,g,24.7442,0.2779
1256680,56627.0530,r,23.1315,0.0720
1256680,56627.0550,i,22.7049,0.0638
1256680,56627.0580,z,22.8683,0.0942
1256680,56635.0590,i,22.8813,0.1370
1256680,56635.0610,z,23.0781,0.2272
1256680,56642.1190,i,22.8792,0.3134
1256680,56642.1210,z,22.5968,0.3219
1256680,56648.1500,i,23.2129,0.1978
1256680,56653.0720,g,24.0326,0.3004
1256680,56660.1190,r,24.1923,0.3179
1256701,56591.0770,g,23.6172,0.2076
1256701,56591.0790,r,22.8819,0.1368
1256701,56591.0810,i,23.0690,0.2076
1256701,56591.0840,z,23.0375,0.2523
1256701,56602.0630,g,24.5184,0.2334
1256701,56602.0660,r,23.1832,0.0822
1256701,56602.0680,i,22.9754,0.0918
1256701,56602.0700,z,22.9481,0.1208
1256701,56618.0330,r,24.0778,0.2451
1256701,56618.0350,i,23.5482,0.2332
1256701,56618.0380,z,23.3051,0.2293
1256701,56627.0530,r,24.6088,0.2709
1256701,56627.0550,i,23.8350,0.1821
1256701,56627.0580,z,23.8909,0.2506
1257695,56594.0260,g,23.6355,0.1017
1257695,56594.0280,r,23.8104,0.1907
1257695,56594.0300,i,23.5230,0.2177
1257695,56602.0270,g,20.8922,0.0085
1257695,56602.0290,r,21.1137,0.0125
1257695,56602.0310,i,21.2476,0.0183
1257695,56602.0340,z,21.4815,0.0308
1257695,56606.0410,i,20.6642,0.0379
1257695,56606.0440,z,21.0299,0.0622
1257695,56609.0400,g,20.1563,0.0113
1257695,56609.0420,r,20.3447,0.0110
1257695,56609.0440,i,20.6258,0.0146
1257695,56609.0470,z,20.8920,0.0203
1257695,56615.0810,g,20.1472,0.0130
1257695,56615.0840,r,20.3337,0.0803
1257695,56615.0860,i,20.6278,0.0209
1257695,56615.0880,z,21.0564,0.0332
1257695,56628.0470,g,20.9907,0.0098
1257695,56628.0500,r,20.7558,0.0099
1257695,56628.0520,i,21.1846,0.0196
1257695,56628.0550,z,21.8423,0.0530
1257695,56635.0970,g,21.7585,0.0461
1257695,56635.0990,r,21.0816,0.0222
1257695,56635.1010,i,21.3797,0.0347
1257695,56635.1040,z,21.8145,0.0636
1257695,56645.1210,g,22.2540,0.1410
1257695,56645.1240,r,21.4307,0.0435
1257695,56645.1260,i,21.3931,0.0390
1257695,56645.1290,z,21.6144,0.0485
1257695,56650.0490,g,22.8366,0.0522
1257695,56650.0510,r,21.6983,0.0218
1257695,56650.0530,i,21.5747,0.0264
1257695,56650.0560,z,21.6486,0.0356
1257695,56657.0450,g,23.1139,0.0904
1257695,56657.0470,r,22.0265,0.0383
1257695,56657.0500,i,22.0404,0.0530
1257695,56657.0520,z,21.9481,0.0629
1257695,56667.0590,g,23.5428,0.2951
1257695,56667.0620,r,22.3398,0.0864
1257695,56667.0640,i,22.3497,0.0918
1257695,56667.0660,z,22.5995,0.1410
1257695,56675.0740,r,22.2282,0.1292
1257695,56675.0760,i,22.8942,0.1873
1257695,56675.0780,z,22.6598,0.1884
1257695,56682.0670,g,23.3710,0.1288
1257695,56682.0690,r,22.6529,0.0815
1257695,56682.0710,i,22.7650,0.1398
1257695,56682.0720,z,22.6599,0.2440
1257695,56690.0510,g,23.6023,0.1706
1257695,56690.0530,r,22.7284,0.0901
1257695,56690.0550,i,23.1347,0.1535
1257695,56690.0570,z,23.1559,0.2028
1257695,56697.0540,r,22.8861,0.1717
1257695,56697.0560,i,23.0629,0.2093
1259241,56575.1820,i,23.4623,0.2269
1259241,56594.0900,g,23.5287,0.3556
1259241,56609.0550,g,21.1058,0.0582
1259241,56609.0570,r,20.9725,0.0376
1259241,56609.0590,i,20.9354,0.0404
1259241,56609.0620,z,21.0708,0.0485
1259241,56615.0370,g,19.7313,0.0532
1259241,56615.0390,r,19.7486,0.0315
1259241,56615.0410,i,19.8229,0.0338
1259241,56615.0430,z,19.9918,0.0674
1259241,56625.1980,r,19.3839,0.0061
1259241,56628.0620,g,19.7686,0.0068
1259241,56628.0650,r,19.5063,0.0058
1259241,56628.0670,i,19.8996,0.0123
1259241,56628.0690,z,20.1833,0.0187
1259241,56635.1140,g,20.4265,0.0142
1259241,56635.1160,r,19.8761,0.0089
1259241,56635.1180,i,20.2569,0.0195
1259241,56635.1210,z,20.3842,0.0286
1259241,56645.0640,g,21.4763,0.0629
1259241,56645.0670,r,20.3518,0.0195
1259241,56645.0690,i,20.2223,0.0204
1259241,56645.0720,z,20.3014,0.0191
1259241,56649.1460,g,21.7015,0.0510
1259241,56649.1480,r,20.5653,0.0173
1259241,56649.1510,i,20.2797,0.0199
1259241,56649.1530,z,20.3190,0.0257
1259241,56653.1610,g,21.9121,0.0510
1259241,56653.1630,r,20.6887,0.0251
1259241,56653.1650,i,20.3946,0.0339
1259241,56653.1680,z,20.1689,0.0374
1259241,56660.0750,g,22.3578,0.0534
1259241,56660.0770,r,21.2731,0.0217
1259241,56660.0800,i,21.0115,0.0286
1259241,56660.0820,z,20.9264,0.0358
1259241,56667.1030,g,22.4785,0.1851
1259241,56667.1050,r,21.4873,0.0522
1259241,56667.1070,i,21.4504,0.0648
1259241,56667.1090,z,21.4388,0.0649
1259241,56675.0860,g,22.4632,0.2032
1259241,56675.0890,r,21.5372,0.0706
1259241,56675.0910,i,21.7046,0.0982
1259241,56675.0940,z,21.7161,0.0888
1259241,56681.1210,g,22.5870,0.0699
1259241,56681.1230,r,21.8907,0.0448
1259241,56681.1250,i,21.8084,0.0720
1259241,56681.1280,z,21.9114,0.0947
1259241,56685.1710,g,22.8392,0.1908
1259241,56685.1740,r,21.8998,0.0815
1259241,56685.1760,i,21.7451,0.1267
1259241,56692.0450,g,22.7397,0.0809
1259241,56692.0470,r,22.0472,0.0463
1259241,56692.0490,i,22.1979,0.0853
1259241,56692.0520,z,22.3413,0.1138
1259241,56698.0460,g,22.5511,0.2277
1259241,56698.0490,r,22.1531,0.1044
1259241,56698.0510,i,22.3176,0.1437
1259241,56698.0540,z,22.8554,0.2509
1260159,56618.0300,g,24.3238,0.2327
1260159,56618.0330,r,23.8217,0.1942
1260159,56618.0350,i,23.7108,0.2560
1260159,56618.0380,z,23.5607,0.2772
1260159,56627.0500,g,23.2900,0.0715
1260159,56627.0530,r,22.7089,0.0468
1260159,56627.0550,i,22.7960,0.0661
1260159,56627.0580,z,22.8547,0.0934
1260159,56635.0540,g,23.7847,0.2710
1260159,56635.0570,r,22.6598,0.1149
1260159,56635.0590,i,22.6339,0.1060
1260159,56635.0610,z,22.8008,0.1677
1260159,56642.1160,r,22.9947,0.3507
1260159,56642.1190,i,22.5301,0.2218
1260159,56642.1220,z,22.6511,0.3032
1260159,56648.1480,r,23.5579,0.2145
1260159,56648.1500,i,22.8611,0.1345
1260159,56648.1520,z,23.2583,0.2261
1260159,56653.0760,i,23.2451,0.2205
1260159,56660.1210,i,23.8812,0.3314
1260159,56676.0480,i,24.3258,0.3580
1261193,56628.0760,g,24.0500,0.1898
1261193,56628.0780,r,23.3076,0.1199
1261193,56628.0800,i,23.6657,0.2594
1261193,56635.1270,g,21.6264,0.0291
1261193,56635.1300,r,21.5612,0.0303
1261193,56635.1320,i,21.5440,0.0424
1261193,56635.1350,z,22.0086,0.0729
1261193,56642.0880,i,21.1282,0.2408
1261193,56642.0910,z,21.5996,0.1268
1261193,56645.0780,g,20.9706,0.0352
1261193,56645.0800,r,20.8147,0.0251
1261193,56645.0820,i,21.0674,0.0303
1261193,56645.0850,z,21.5781,0.0418
1261193,56649.1680,r,20.8541,0.0211
1261193,56649.1700,i,20.9740,0.0295
1261193,56649.1720,z,21.6358,0.0599
1261193,56653.0860,g,21.3285,0.0224
1261193,56653.0880,r,20.8545,0.0270
1261193,56653.0900,i,21.1136,0.0606
1261193,56653.0940,z,21.9616,0.0870
1261193,56660.0890,g,21.8431,0.0187
1261193,56660.0910,r,21.2484,0.0147
1261193,56660.0930,i,21.5454,0.0294
1261193,56660.0960,z,22.4466,0.0826
1261193,56667.1160,g,22.5607,0.1077
1261193,56667.1180,r,21.5935,0.0412
1261193,56667.1200,i,21.8378,0.0605
1261193,56667.1230,z,22.4601,0.1292
1261193,56675.1000,g,23.0127,0.2211
1261193,56675.1020,r,21.6911,0.0559
1261193,56675.1040,i,21.6961,0.0572
1261193,56675.1070,z,22.2003,0.1074
1261193,56682.0810,g,23.6112,0.1004
1261193,56682.0840,r,22.0200,0.0337
1261193,56682.0860,i,21.9253,0.0504
1261193,56682.0890,z,21.9479,0.0639
1261193,56686.1210,g,24.0963,0.2113
1261193,56686.1230,r,22.2354,0.0521
1261193,56686.1250,i,22.1589,0.0731
1261193,56686.1280,z,22.2151,0.0947
1261193,56693.0340,g,24.0183,0.2770
1261193,56693.0370,r,22.6193,0.0815
1261193,56693.0390,i,22.6789,0.1091
1261193,56693.0410,z,22.6322,0.1309
1261236,56625.2290,z,24.5958,0.2930
1261236,56625.2810,i,24.4619,0.2277
1261236,56627.1430,r,24.3854,0.1011
1261236,56629.0700,z,23.9862,0.3260
1261236,56629.1230,i,23.7624,0.1773
1261236,56635.1980,r,23.4971,0.0516
1261236,56635.2580,g,25.4026,0.3193
1261236,56636.0530,z,23.2134,0.0819
1261236,56636.1240,i,23.3267,0.0895
1261236,56641.0630,z,23.2199,0.1560
1261236,56645.1490,i,23.0733,0.0797
1261236,56648.0520,z,23.0218,0.0668
1261236,56648.2090,r,23.2867,0.0606
1261236,56649.1830,i,23.0771,0.0646
1261236,56653.0600,g,24.8335,0.3358
1261236,56653.1770,z,23.0680,0.1219
1261236,56655.0490,r,23.6204,0.0517
1261236,56656.0600,i,23.1922,0.0476
1261236,56660.1310,g,25.7094,0.3112
1261236,56660.1380,z,23.2282,0.0862
1261236,56661.1700,i,23.3634,0.0942
1261236,56662.0600,r,23.9104,0.0544
1261236,56667.1510,z,23.6271,0.2175
1261236,56668.0440,z,23.5438,0.1037
1261236,56668.1410,i,23.7349,0.1479
1261236,56668.1790,r,24.3223,0.2627
1261236,56675.1270,z,23.8504,0.2456
1261236,56675.1750,i,24.1136,0.3217
1261236,56682.1090,z,23.9618,0.1954
1261236,56682.1550,i,24.3930,0.2279
1261236,56688.0940,z,24.1477,0.2579
1261236,56690.0890,i,24.6693,0.1886
1261236,56694.0550,r,25.2566,0.2905
1261236,56695.0450,z,24.1308,0.1873
1262267,56645.1240,r,23.0145,0.2049
1262267,56645.1260,i,23.3445,0.2854
1262267,56645.1290,z,22.9524,0.2043
1262267,56650.0490,g,24.3167,0.2068
1262267,56650.0510,r,22.9628,0.0727
1262267,56650.0530,i,22.8502,0.1067
1262267,56650.0560,z,22.7387,0.1235
1262267,56657.0450,g,24.4047,0.3228
1262267,56657.0470,r,23.0945,0.1069
1262267,56657.0500,i,22.8919,0.1461
1262267,56657.0520,z,22.6796,0.1545
1262267,56667.0640,i,23.1288,0.2273
1262267,56667.0660,z,23.1370,0.2862
1265089,56660.1030,g,24.4632,0.2323
1265089,56660.1050,r,23.3715,0.1343
1265089,56660.1070,i,23.4104,0.2031
1265089,56660.1100,z,23.5791,0.3220
1265089,56667.0750,g,23.1785,0.3230
1265089,56667.0770,r,22.4014,0.1809
1265089,56667.0790,i,22.7739,0.1913
1265089,56667.0810,z,22.9680,0.2331
1265089,56675.1160,r,22.1033,0.1256
1265089,56675.1180,i,22.3088,0.1285
1265089,56675.1210,z,22.5018,0.1876
1265089,56682.0950,g,23.1671,0.0878
1265089,56682.0980,r,22.2732,0.0496
1265089,56682.1000,i,22.1447,0.0632
1265089,56682.1020,z,22.3607,0.1106
1265089,56690.0350,g,24.1890,0.3151
1265089,56690.0380,r,22.6199,0.0794
1265089,56690.0400,i,22.5160,0.0873
1265089,56690.0430,z,22.7978,0.1309
1265089,56697.0680,r,22.7309,0.1441
1265089,56697.0700,i,22.5986,0.1338
1265089,56697.0720,z,22.5851,0.1391
1265134,56662.0600,r,25.2518,0.2120
1265134,56667.1440,g,24.1393,0.3039
1265134,56667.1540,z,23.3415,0.1596
1265134,56668.0480,z,23.2398,0.0732
1265134,56668.1790,r,22.9795,0.0860
1265134,56675.1270,z,22.5640,0.0728
1265134,56675.1990,r,22.4424,0.1007
1265134,56676.0810,g,23.0445,0.1343
1265134,56682.1090,z,22.4646,0.0512
1265134,56683.0670,g,23.1599,0.0437
1265134,56683.1090,r,22.2240,0.0185
1265134,56687.1450,g,23.4443,0.1057
1265134,56687.1570,r,22.2851,0.0373
1265134,56688.0940,z,22.3978,0.0525
1265134,56694.0460,g,23.8181,0.1251
1265134,56694.0550,r,22.4804,0.0254
1265134,56695.0460,z,22.5831,0.0461
1265260,56646.0860,i,24.9828,0.2732
1265260,56647.0470,z,24.9136,0.2949
1265260,56653.1230,i,24.0706,0.1636
1265260,56654.0460,z,23.8508,0.1264
1265260,56654.0910,r,24.0961,0.0682
1265260,56661.0570,z,23.5825,0.1508
1265260,56661.1030,i,23.5304,0.1020
1265260,56662.0440,r,23.8510,0.0670
1265260,56668.0940,z,23.2767,0.0949
1265260,56669.0570,i,23.3957,0.0990
1265260,56669.0810,r,23.7828,0.1756
1265260,56677.0570,z,23.6516,0.1584
1265260,56683.0840,i,24.0120,0.2864
1265260,56685.0400,i,24.2274,0.1696
1265260,56685.0620,r,25.3332,0.3385
1265260,56696.0240,z,23.9624,0.2256
1265260,56956.2260,r,24.7220,0.1789
1266830,56660.1190,r,23.4993,0.1661
1266830,56660.1210,i,23.7515,0.3562
1266830,56660.1240,z,23.3334,0.3309
1266830,56676.0440,g,24.3359,0.3369
1266830,56676.0460,r,22.9753,0.0996
1266830,56676.0480,i,22.8934,0.1152
1266830,56676.0510,z,22.6680,0.1209
1266830,56683.0550,r,23.4081,0.1663
1266830,56683.0570,i,22.7114,0.1380
1266830,56683.0600,z,22.9814,0.2566
1266830,56691.0620,r,23.7292,0.1890
1266830,56691.0640,i,22.9968,0.1564
1266830,56691.0670,z,23.1826,0.2575
1273127,57248.4030,g,21.1469,0.0281
1273127,57248.4060,r,20.9365,0.0390
1273127,57248.4080,i,21.1206,0.0699
1273127,57248.4100,z,21.7045,0.1649
1273127,57252.2290,g,21.3490,0.0216
1273127,57252.2310,r,21.0281,0.0225
1273127,57252.2330,i,21.2667,0.0496
1273127,57252.2360,z,21.8536,0.0978
1273127,57256.2110,r,21.2632,0.0481
1273127,57257.2120,g,21.8381,0.0423
1273127,57257.2140,r,21.3110,0.0382
1273127,57257.2160,i,21.7478,0.0805
1273127,57257.2190,z,22.3339,0.1562
1273127,57265.2120,r,21.6404,0.1242
1273127,57265.2140,i,21.9419,0.1328
1273127,57265.2170,z,22.1461,0.1332
1273127,57273.0930,g,23.6381,0.3273
1273127,57273.0960,r,22.3030,0.1228
1273127,57273.0980,i,21.8950,0.1429
1273127,57273.1000,z,21.8918,0.1948
1273127,57277.0840,g,23.7396,0.2582
1273127,57277.0860,r,22.6620,0.1249
1273127,57277.0880,i,22.3361,0.1446
1273127,57277.0910,z,22.3309,0.1815
1273127,57290.0510,r,22.2645,0.3380
1273127,57325.0230,g,24.5285,0.3496
1273127,57339.0250,z,22.9623,0.3532
1275946,57248.3750,r,21.4540,0.0381
1275946,57248.3800,z,22.0952,0.1224
1275946,57252.2150,g,20.9545,0.0096
1275946,57252.2180,r,20.9718,0.0113
1275946,57252.2200,i,21.1941,0.0205
1275946,57252.2220,z,21.4960,0.0351
1275946,57256.2300,z,21.5804,0.0703
1275946,57257.2250,g,20.6646,0.0131
1275946,57257.2270,r,20.6840,0.0206
1275946,57257.2290,i,20.9312,0.0273
1275946,57257.2320,z,21.3868,0.0419
1275946,57265.2230,g,21.0311,0.0601
1275946,57265.2250,r,20.6550,0.0289
1275946,57265.2270,i,20.8342,0.0259
1275946,57265.2300,z,21.5934,0.0410
1275946,57273.3140,g,21.2024,0.0112
1275946,57273.3160,r,20.8940,0.0102
1275946,57273.3180,i,21.1164,0.0132
1275946,57273.3200,z,21.8244,0.0297
1275946,57278.1850,g,21.5796,0.0147
1275946,57278.1880,r,21.1447,0.0123
1275946,57278.1900,i,21.3683,0.0194
1275946,57278.1920,z,22.1778,0.0494
1275946,57283.1290,g,21.9961,0.0498
1275946,57283.1310,r,21.4805,0.0429
1275946,57283.1330,i,21.4741,0.0542
1275946,57283.1360,z,22.1245,0.1146
1275946,57287.0740,i,21.6046,0.0664
1275946,57287.0770,z,22.3356,0.1349
1275946,57288.0730,z,22.3664,0.1810
1275946,57290.0700,z,21.9036,0.1288
1275946,57291.0790,g,23.2583,0.3434
1275946,57291.0810,r,21.7526,0.1017
1275946,57291.0830,i,21.4898,0.0519
1275946,57291.0860,z,22.0757,0.0762
1275946,57297.0450,r,21.9413,0.0600
1275946,57297.0480,i,21.7077,0.0737
1275946,57297.0500,z,21.9021,0.1180
1275946,57301.0460,g,23.3462,0.1350
1275946,57301.0490,r,21.9111,0.0932
1275946,57301.0510,i,21.7540,0.1323
1275946,57301.0520,z,21.6400,0.1347
1275946,57305.0640,g,23.8292,0.2916
1275946,57305.0660,r,22.2237,0.0904
1275946,57305.0680,i,21.8648,0.0936
1275946,57305.0710,z,22.4144,0.2285
1275946,57311.0200,g,24.1032,0.2079
1275946,57311.0230,r,22.5613,0.0780
1275946,57311.0250,i,22.2641,0.0793
1275946,57311.0280,z,22.3527,0.1101
1275946,57315.1630,g,23.6711,0.2143
1275946,57315.1660,r,22.6738,0.1367
1275946,57315.1680,i,22.3353,0.1431
1275946,57315.1710,z,22.7388,0.1843
1275946,57325.0120,r,22.8713,0.0873
1275946,57325.0140,i,22.7530,0.1010
1275946,57325.0170,z,22.8758,0.1518
1275946,57329.0280,g,24.1209,0.1732
1275946,57329.0310,r,23.0972,0.1048
1275946,57329.0330,i,22.9946,0.1323
1275946,57329.0350,z,22.8646,0.1751
1275946,57334.2240,g,24.2160,0.2015
1275946,57334.2260,r,23.1595,0.0951
1275946,57334.2280,i,22.9889,0.0934
1275946,57334.2310,z,23.2986,0.1650
1275946,57340.0630,g,24.1655,0.1773
1275946,57340.0660,r,23.2363,0.0874
1275946,57340.0680,i,23.1545,0.1091
1275946,57340.0700,z,23.2659,0.1603
1275946,57342.0210,g,24.2797,0.1820
1275946,57342.0240,r,23.1949,0.0916
1275946,57342.0260,i,22.3668,0.3260
1275946,57342.0280,z,23.2122,0.1848
1275946,57347.0760,g,23.6337,0.2922
1275946,57347.0790,r,23.5040,0.2648
1275946,57347.0810,i,23.3563,0.1793
1275946,57347.0840,z,23.7973,0.2900
1275946,57356.1200,g,24.0808,0.1441
1275946,57356.1220,r,23.3924,0.0874
1275946,57356.1250,i,23.5389,0.1377
1275946,57356.1270,z,23.6620,0.1687
1275946,57366.0390,g,24.4865,0.2428
1275946,57366.0410,r,23.6793,0.1240
1275946,57366.0430,i,23.6750,0.1729
1275946,57373.0400,i,23.6068,0.3175
1275946,57385.0950,r,24.1274,0.2505
1275946,57389.0620,i,24.1764,0.3604
1275946,57396.0470,r,24.1585,0.2648
1275946,57396.0490,i,23.7057,0.2414
1277173,57051.0530,r,23.2032,0.3463
1277173,57248.4190,g,20.1195,0.0192
1277173,57248.4210,r,20.1076,0.0226
1277173,57248.4230,i,20.3601,0.0439
1277173,57248.4260,z,20.7122,0.0741
1277173,57252.2670,g,20.3096,0.0151
1277173,57252.2690,r,20.2682,0.0165
1277173,57252.2720,i,20.5071,0.0323
1277173,57252.2740,z,21.0352,0.0562
1277173,57256.2710,z,21.2821,0.1128
1277173,57257.2540,g,20.5993,0.0246
1277173,57257.2560,r,20.5303,0.0256
1277173,57257.2580,i,20.9394,0.0563
1277173,57257.2610,z,21.5082,0.1037
1277173,57276.3680,g,22.7613,0.1514
1277173,57276.3700,r,21.5334,0.0719
1277173,57276.3730,i,21.5022,0.0784
1277173,57276.3750,z,21.5889,0.0960
1277173,57278.2030,g,22.7356,0.1141
1277173,57278.2050,r,21.7518,0.0534
1277173,57278.2080,i,21.6486,0.0714
1277173,57278.2100,z,21.6113,0.0741
1277173,57286.2100,g,22.9582,0.2165
1277173,57286.2130,r,22.1995,0.1242
1277173,57286.2150,i,21.6333,0.1566
1277173,57286.2170,z,20.7160,0.0933
1277173,57288.1760,z,22.0193,0.2850
1277173,57301.2820,r,22.2350,0.2154
1277173,57305.2790,g,23.7978,0.3381
1277173,57305.2810,r,22.7927,0.1585
1277173,57305.2830,i,23.0379,0.2861
1277173,57305.2860,z,23.3208,0.3378
1277173,57311.1060,g,23.2214,0.2330
1277173,57311.1090,r,23.2744,0.3137
1277173,57311.1110,i,22.6671,0.3110
1277173,57315.1810,r,22.8933,0.2351
1277173,57325.0710,r,21.8472,0.1170
1277173,57329.0570,g,23.6662,0.2835
1277173,57329.0590,r,23.0999,0.2311
1277173,57339.0330,g,23.0329,0.2074
1277173,57339.0350,r,23.3678,0.3505
1277173,57344.2130,g,23.8341,0.2683
1277173,57344.2160,r,24.0363,0.3619
1277173,57344.2180,i,23.1136,0.2861
1277173,57355.1590,r,23.4783,0.3342
1277173,57365.0540,r,23.3909,0.2304
1277173,57365.0560,i,23.3275,0.2627
1277173,57395.0940,g,23.6126,0.3500
1277173,57402.0530,i,23.7011,0.3506
1279500,57249.2930,g,21.0523,0.0084
1279500,57249.3020,r,20.9803,0.0076
1279500,57249.3180,i,21.0974,0.0095
1279500,57249.3410,z,21.6211,0.0194
1279500,57253.3430,g,21.0815,0.0074
1279500,57253.3520,r,20.9677,0.0065
1279500,57253.3730,i,21.0638,0.0087
1279500,57255.2880,z,21.7276,0.0319
1279500,57257.3230,g,21.2732,0.0087
1279500,57257.3320,r,21.0235,0.0065
1279500,57257.3530,i,21.1161,0.0074
1279500,57265.2400,z,22.2461,0.0493
1279500,57265.3910,i,21.4342,0.0230
1279500,57269.2280,g,22.4976,0.2530
1279500,57273.3420,i,21.8110,0.0166
1279500,57273.3630,z,22.4663,0.0386
1279500,57278.2170,r,21.9598,0.0162
1279500,57278.2570,g,22.9664,0.0354
1279500,57283.1890,i,21.9301,0.0213
1279500,57283.2160,z,22.2631,0.0256
1279500,57287.2380,r,22.4031,0.0331
1279500,57287.2620,i,22.0104,0.0262
1279500,57287.2910,z,22.2305,0.0395
1279500,57291.2360,r,22.4239,0.0712
1279500,57291.2520,z,22.2657,0.0350
1279500,57297.2580,r,22.6306,0.0898
1279500,57297.2730,i,22.4624,0.0526
1279500,57297.2950,z,22.4743,0.0599
1279500,57301.2920,r,22.7841,0.1466
1279500,57302.1400,z,22.7548,0.0542
1279500,57302.3050,g,24.2592,0.2730
1279500,57303.2310,g,24.4294,0.2137
1279500,57305.2920,r,22.9906,0.1088
1279500,57305.3030,i,22.6722,0.0880
1279500,57311.1200,r,23.2386,0.0638
1279500,57311.1350,i,23.0703,0.0480
1279500,57311.1600,z,23.1248,0.0557
1279500,57311.2710,g,24.4627,0.1614
1279500,57315.2200,g,24.3641,0.1999
1279500,57315.2410,r,23.2307,0.2295
1279500,57316.1000,i,23.1177,0.2115
1279500,57317.0990,z,23.2559,0.0914
1279500,57317.0990,z,23.2559,0.0914
1279500,57317.0990,z,23.2559,0.0914
1279500,57317.0990,z,23.2559,0.0914
1279500,57319.1160,r,23.7612,0.2817
1279500,57325.0810,i,23.5050,0.3331
1279500,57325.0810,i,23.5050,0.3331
1279500,57325.0810,i,23.5050,0.3331
1279500,57325.0810,i,23.5050,0.3331
1279500,57327.1830,r,23.6049,0.0820
1279500,57329.1160,z,23.6673,0.1433
1279500,57331.0650,g,24.5673,0.2560
1279500,57331.1450,r,23.6137,0.0773
1279500,57339.0470,i,23.8015,0.1509
1279500,57339.0730,z,23.8872,0.1876
1279500,57339.1770,g,25.0592,0.2853
1279500,57339.1850,r,23.8175,0.0785
1279500,57345.1350,i,23.9055,0.1260
1279500,57345.1620,z,24.1941,0.1804
1279500,57346.0380,g,24.3809,0.3264
1279500,57355.1700,r,24.1658,0.1786
1279500,57355.1860,i,24.1810,0.1567
1279500,57356.0340,z,24.1200,0.1508
1279500,57356.1090,g,24.9490,0.1645
1279500,57365.0650,r,24.1600,0.0736
1279500,57365.0810,i,24.4810,0.1188
1279500,57366.0670,g,24.9131,0.1851
1279500,57366.0760,z,24.8340,0.3188
1279500,57372.0590,r,24.2751,0.1487
1279500,57372.0760,i,24.5751,0.1927
1279500,57373.0640,g,24.9704,0.2794
1279500,57373.0730,z,24.9348,0.3603
1279500,57385.0400,i,24.9504,0.2671
1279500,57386.0560,g,25.1382,0.2483
1279500,57387.0910,r,24.6278,0.1179
1279500,57389.0870,i,24.3687,0.2395
1279500,57394.0800,r,24.5791,0.1602
1279500,57400.1160,g,24.9953,0.3519
1279500,57401.0450,r,24.9130,0.2013
1281119,57252.2890,g,22.3629,0.0843
1281119,57252.2910,r,22.0402,0.0805
1281119,57252.2930,i,22.0941,0.1486
1281119,57256.2810,r,21.6479,0.0812
1281119,57256.2830,i,21.4748,0.1114
1281119,57256.2850,z,22.3627,0.2645
1281119,57257.3090,g,21.7050,0.0502
1281119,57257.3110,r,21.4685,0.0502
1281119,57257.3130,i,21.5314,0.0783
1281119,57257.3160,z,22.1293,0.1318
1281119,57266.2700,g,21.8223,0.3098
1281119,57266.2730,r,21.2468,0.0916
1281119,57266.2750,i,21.0810,0.0722
1281119,57266.2780,z,21.6663,0.0793
1281119,57276.3560,r,21.2338,0.0512
1281119,57276.3580,i,21.6446,0.0871
1281119,57276.3600,z,22.3679,0.1597
1281119,57277.3920,g,22.5128,0.0784
1281119,57277.3950,r,21.4792,0.0396
1281119,57277.3970,i,21.7864,0.0847
1281119,57277.4000,z,22.0785,0.1320
1281119,57284.3410,r,21.9854,0.1120
1281119,57284.3430,i,21.8752,0.1866
1281119,57288.2130,r,21.8265,0.1599
1281119,57288.2150,i,21.8273,0.1741
1281119,57288.2180,z,22.8325,0.3549
1281119,57297.1780,i,21.8348,0.3032
1281119,57297.1810,z,22.0256,0.2063
1281119,57302.2930,r,22.6778,0.1333
1281119,57302.2950,i,22.6283,0.1982
1281119,57302.2980,z,22.4105,0.1852
1281119,57311.2590,r,23.3934,0.2238
1281119,57311.2610,i,22.8226,0.1521
1281119,57311.2630,z,22.8001,0.1408
1281119,57317.1720,r,23.3957,0.3593
1281119,57317.1740,i,22.7077,0.2350
1281119,57317.1770,z,22.8721,0.2460
1281119,57325.2040,z,22.9023,0.2236
1281119,57345.3310,r,23.5724,0.3596
1281119,57372.2260,r,23.4259,0.2280
1281119,57372.2280,i,22.8511,0.3096
1281119,57376.0620,z,22.0121,0.2818
1281119,57379.0780,i,22.9652,0.3328
1281119,57394.1480,i,22.5794,0.3050
1281886,57252.3030,g,23.2820,0.1067
1281886,57252.3050,r,22.8772,0.1119
1281886,57252.3070,i,23.1533,0.1806
1281886,57252.3100,z,23.0102,0.2302
1281886,57256.2920,g,22.7287,0.1096
1281886,57256.2950,r,22.5354,0.1175
1281886,57256.2970,i,22.2452,0.0928
1281886,57256.3000,z,23.1813,0.3409
1281886,57265.2860,g,22.5699,0.3588
1281886,57265.2880,r,22.1590,0.1628
1281886,57265.2910,i,21.9091,0.0858
1281886,57265.2930,z,22.4604,0.1166
1281886,57276.3100,g,22.2480,0.2300
1281886,57276.3120,r,22.0810,0.0910
1281886,57276.3140,i,22.0234,0.0592
1281886,57276.3170,z,22.2131,0.1070
1281886,57277.3070,g,22.8846,0.0669
1281886,57277.3100,r,22.1178,0.0430
1281886,57277.3120,i,22.0994,0.0540
1281886,57277.3150,z,22.2846,0.0874
1281886,57284.3240,g,23.6736,0.2053
1281886,57284.3260,r,22.5770,0.1034
1281886,57284.3280,i,22.2076,0.0815
1281886,57284.3310,z,22.7824,0.1862
1281886,57288.1990,r,22.8657,0.2566
1281886,57288.2010,i,22.6700,0.1938
1281886,57288.2040,z,22.9361,0.2431
1281886,57291.2240,r,22.4564,0.1782
1281886,57291.2260,i,22.5092,0.1613
1281886,57291.2290,z,23.2556,0.2802
1281886,57299.2220,i,22.6933,0.2939
1281886,57303.1710,i,23.4944,0.3253
1281886,57303.1730,z,22.6222,0.2136
1281886,57304.2080,r,23.9510,0.2752
1281886,57304.2100,i,22.8194,0.1260
1281886,57311.2940,g,24.5485,0.2988
1281886,57311.2980,i,23.3192,0.1205
1281886,57311.3000,z,23.0024,0.1202
1281886,57315.2100,i,23.2145,0.2067
1281886,57315.2130,z,23.3965,0.3475
1281886,57319.1370,i,23.2624,0.3105
1281886,57329.1730,i,23.6307,0.2278
1281886,57339.1240,z,23.6500,0.3552
1281886,57355.2140,i,23.9229,0.3410
1281886,57365.1100,r,24.5924,0.2504
1283923,57252.2150,g,24.1003,0.2618
1283923,57252.2180,r,23.7993,0.2685
1283923,57252.2220,z,23.3232,0.3503
1283923,57256.2110,r,22.3867,0.1298
1283923,57256.2300,z,22.5052,0.3234
1283923,57257.2120,g,22.3709,0.0883
1283923,57257.2140,r,22.3290,0.1087
1283923,57257.2160,i,22.3207,0.1665
1283923,57257.2250,g,22.2662,0.0988
1283923,57257.2270,r,22.2404,0.1536
1283923,57257.2290,i,21.9764,0.1560
1283923,57257.2320,z,22.3451,0.1883
1283923,57265.2090,g,20.9923,0.1206
1283923,57265.2120,r,20.8236,0.0648
1283923,57265.2140,i,20.9679,0.0654
1283923,57265.2160,z,21.3590,0.0629
1283923,57265.2230,g,20.8408,0.1264
1283923,57265.2250,r,20.7529,0.0555
1283923,57265.2270,i,20.7659,0.0529
1283923,57265.2300,z,21.0489,0.0469
1283923,57273.0930,g,20.9996,0.0335
1283923,57273.0960,r,20.8117,0.0309
1283923,57273.0980,i,21.0567,0.0723
1283923,57273.1000,z,21.5287,0.1410
1283923,57273.3140,g,21.1029,0.0179
1283923,57273.3160,r,20.7594,0.0166
1283923,57273.3180,i,20.8893,0.0235
1283923,57273.3200,z,21.2958,0.0353
1283923,57277.0840,g,21.3938,0.0370
1283923,57277.0860,r,21.0293,0.0298
1283923,57277.0880,i,21.3617,0.0679
1283923,57277.0910,z,21.9413,0.1270
1283923,57278.1850,g,21.6467,0.0292
1283923,57278.1880,r,20.9904,0.0199
1283923,57278.1900,i,21.2744,0.0389
1283923,57278.1920,z,21.5700,0.0528
1283923,57283.0910,g,22.2126,0.2409
1283923,57283.0940,r,21.2510,0.1166
1283923,57283.0960,i,21.5491,0.1292
1283923,57283.0990,z,21.9250,0.2105
1283923,57283.1290,g,22.1584,0.1081
1283923,57283.1310,r,21.2694,0.0613
1283923,57283.1330,i,21.4042,0.1147
1283923,57283.1360,z,21.6038,0.1347
1283923,57287.0640,z,21.6807,0.1684
1283923,57287.0740,i,21.4882,0.1294
1283923,57287.0770,z,21.4944,0.1155
1283923,57288.0590,z,21.6540,0.2091
1283923,57288.0730,z,21.3255,0.1258
1283923,57290.0510,r,21.4693,0.1832
1283923,57290.0560,z,21.9083,0.2202
1283923,57290.0690,z,21.5102,0.1460
1283923,57291.0810,r,21.7436,0.1761
1283923,57291.0830,i,21.4834,0.1145
1283923,57291.0860,z,21.4616,0.0854
1283923,57297.0300,g,23.2800,0.2430
1283923,57297.0320,r,22.1280,0.1442
1283923,57297.0370,z,22.0254,0.2222
1283923,57297.0450,r,22.2136,0.1422
1283923,57297.0480,i,21.9102,0.1917
1283923,57297.0500,z,22.0718,0.2614
1283923,57301.0400,z,22.6777,0.3383
1283923,57301.0460,g,23.1262,0.2259
1283923,57301.0490,r,21.9502,0.1561
1283923,57301.0510,i,21.6588,0.2459
1283923,57301.0530,z,21.4218,0.1854
1283923,57305.0510,g,23.4974,0.2656
1283923,57305.0530,r,22.8202,0.2127
1283923,57305.0660,r,22.5780,0.2299
1283923,57311.0090,r,23.4335,0.3003
1283923,57311.0200,g,23.5715,0.2399
1283923,57311.0230,r,22.7268,0.1557
1283923,57311.0250,i,22.7370,0.2704
1283923,57311.0280,z,22.9726,0.3411
1283923,57315.1660,r,23.0338,0.3419
1283923,57325.0120,r,23.1906,0.2141
1283923,57325.0140,i,22.9337,0.2642
1283923,57325.0230,g,24.0104,0.2939
1283923,57329.0170,r,23.2669,0.2654
1283923,57329.0280,g,24.1200,0.3179
1283923,57329.0310,r,23.1661,0.2032
1283923,57334.1900,r,23.7082,0.2338
1283923,57334.2260,r,23.3762,0.2142
1283923,57334.2280,i,23.0351,0.2215
1283923,57334.2310,z,23.4034,0.3454
1283923,57340.0630,g,24.0472,0.2863
1283923,57342.0210,g,24.2593,0.3154
1283923,57342.0240,r,23.6466,0.2382
1283923,57342.0280,z,23.2534,0.3453
1283923,57347.0830,z,23.3317,0.3546
1283923,57356.1200,g,24.3748,0.3562
1283923,57356.1220,r,23.4796,0.1773
1283923,57356.1270,z,23.3569,0.2378
1283923,57366.0460,z,23.2081,0.2751
1283923,57403.0520,z,23.1137,0.2860
1289346,57252.2150,g,24.4255,0.2016
1289346,57252.2180,r,24.5036,0.2728
1289346,57252.2200,i,24.3025,0.3450
1289346,57252.2220,z,23.9273,0.3432
1289346,57257.2290,i,23.1191,0.2102
1289346,57265.2270,i,23.6080,0.3166
1289346,57265.2300,z,23.2795,0.1975
1289346,57273.3140,g,23.9937,0.1444
1289346,57273.3160,r,24.2765,0.2190
1289346,57273.3180,i,23.9087,0.1706
1289346,57273.3200,z,23.6318,0.1662
1289346,57278.1850,g,24.0363,0.1385
1289346,57278.1880,r,23.8537,0.1426
1289346,57278.1900,i,24.0991,0.2305
1289346,57278.1920,z,23.7352,0.2125
1289346,57283.1290,g,24.0123,0.3057
1289346,57283.1310,r,23.2439,0.2013
1289346,57291.0860,z,23.6699,0.3443
1289346,57297.0450,r,23.6722,0.2923
1289346,57297.0500,z,23.0476,0.3495
1289346,57301.0460,g,23.7118,0.2233
1289346,57301.0490,r,23.3982,0.3363
1289346,57305.0640,g,22.2815,0.0684
1289346,57305.0660,r,22.4525,0.1095
1289346,57305.0680,i,22.9385,0.2586
1289346,57305.0710,z,22.6016,0.2636
1289346,57311.0200,g,21.9791,0.0309
1289346,57311.0230,r,21.9491,0.0409
1289346,57311.0250,i,22.0667,0.0679
1289346,57311.0280,z,21.9788,0.0800
1289346,57315.1630,g,22.2010,0.0582
1289346,57315.1660,r,22.0813,0.0812
1289346,57315.1680,i,22.1061,0.1178
1289346,57315.1710,z,22.0925,0.1111
1289346,57325.0120,r,22.3230,0.0528
1289346,57325.0140,i,22.4383,0.0807
1289346,57325.0160,z,22.1223,0.0828
1289346,57329.0280,g,22.9790,0.0622
1289346,57329.0310,r,22.7029,0.0749
1289346,57329.0330,i,22.4386,0.0796
1289346,57329.0350,z,22.1837,0.0947
1289346,57334.2240,g,23.0571,0.0867
1289346,57334.2260,r,22.8006,0.0683
1289346,57334.2280,i,22.7219,0.0742
1289346,57334.2310,z,22.4822,0.0827
1289346,57340.0630,g,23.5153,0.0827
1289346,57340.0660,r,23.0619,0.0715
1289346,57340.0680,i,22.9560,0.0902
1289346,57340.0700,z,22.8125,0.1093
1289346,57342.0210,g,23.5339,0.1061
1289346,57342.0240,r,23.0744,0.0798
1289346,57342.0280,z,22.7954,0.1356
1289346,57347.0790,r,23.1684,0.1983
1289346,57347.0810,i,23.1781,0.1546
1289346,57347.0840,z,22.8644,0.1262
1289346,57356.1200,g,24.1521,0.1398
1289346,57356.1220,r,23.5091,0.0973
1289346,57356.1250,i,23.2760,0.1060
1289346,57356.1270,z,22.9817,0.0942
1289346,57366.0390,g,24.8486,0.3079
1289346,57366.0410,r,23.5448,0.1084
1289346,57366.0430,i,23.4101,0.1347
1289346,57366.0450,z,22.9810,0.1207
1289346,57373.0400,i,23.4836,0.2729
1289346,57385.0950,r,24.4579,0.3299
1289346,57385.1000,z,23.2466,0.1744
1289346,57389.0600,r,23.7503,0.1717
1289346,57389.0620,i,23.5499,0.2014
1289346,57389.0640,z,23.1243,0.2105
1289346,57396.0510,z,23.3539,0.2548
1289346,57403.0470,r,23.9203,0.2235
1289346,57403.0490,i,24.1291,0.3084
1289346,57403.0510,z,23.3587,0.2012
1289982,56885.2890,g,23.1885,0.1404
1289982,56885.3000,z,23.3582,0.0677
1289982,56885.3450,i,23.3734,0.0499
1289982,56885.3690,r,23.1892,0.0511
1289982,56888.2810,g,22.8598,0.0327
1289982,56903.2460,r,23.0432,0.0572
1289982,56903.2620,i,22.9211,0.0714
1289982,56912.2570,z,23.3278,0.0939
1289982,56912.3040,r,23.4227,0.0996
1289982,56912.3200,i,23.2661,0.0647
1289982,56920.1960,g,24.7180,0.1755
1289982,56920.2050,r,23.7189,0.0583
1289982,56920.2210,i,23.4073,0.0429
1289982,56920.2460,z,23.5509,0.0670
1289982,56925.1880,g,24.6872,0.1587
1289982,56925.3060,r,23.6653,0.0598
1289982,56925.3290,i,23.4186,0.0453
1289982,56927.1770,z,23.4778,0.0987
1289982,56932.1720,r,23.8120,0.1289
1289982,56932.1880,i,23.7122,0.0765
1289982,56936.2440,r,24.0719,0.1971
1289982,56936.2600,i,23.7437,0.1195
1289982,56943.1340,z,23.9144,0.1485
1289982,56943.3550,r,24.1595,0.1486
1289982,56944.1300,i,23.6263,0.0928
1289982,56949.3500,i,23.9248,0.0695
1289982,56950.1130,g,25.0214,0.3421
1289982,56950.1220,r,24.3301,0.1471
1289982,56956.1550,z,24.0438,0.1160
1289982,56956.3130,i,24.1807,0.1403
1289982,56957.1480,r,24.5620,0.1810
1289982,56960.3000,i,24.0931,0.1701
1289982,56961.3070,z,24.5847,0.3196
1289982,56966.1290,i,24.5502,0.3607
1289982,56973.1430,g,25.5399,0.3107
1289982,56973.1520,r,25.0229,0.2041
1289982,56973.2440,i,24.5853,0.1422
1289982,56973.2670,z,24.6276,0.1985
1289982,56980.2070,g,25.7108,0.2524
1289982,56980.2170,r,25.1963,0.1682
1289982,56980.2330,i,24.8774,0.1721
1289982,56980.2560,z,24.8965,0.2452
1289982,56987.2330,i,24.6512,0.1269
1289982,56987.2540,z,24.9902,0.3305
1289982,56990.2380,i,24.4224,0.3448
1289982,57001.1830,r,25.1635,0.3033
1289982,57001.1990,i,25.2656,0.3226
1289982,57008.0410,i,24.9275,0.2184
1289982,57018.1930,r,25.0042,0.2676
1289982,57044.1450,i,24.9313,0.2670
1290007,56885.2890,g,23.1329,0.1317
1290007,56885.2990,z,22.8030,0.0415
1290007,56885.3460,i,22.6526,0.0253
1290007,56885.3690,r,22.6729,0.0330
1290007,56888.2810,g,23.4207,0.0513
1290007,56903.2460,r,22.8877,0.0476
1290007,56903.2620,i,22.6872,0.0555
1290007,56912.2580,z,23.3797,0.0948
1290007,56912.3040,r,23.6296,0.1232
1290007,56912.3200,i,23.1523,0.0568
1290007,56920.2050,r,24.1986,0.0939
1290007,56920.2210,i,23.4026,0.0424
1290007,56920.2450,z,23.3519,0.0560
1290007,56925.3060,r,24.4161,0.1181
1290007,56925.3290,i,23.6174,0.0527
1290007,56927.1780,z,23.3820,0.0935
1290007,56932.1720,r,24.6236,0.2716
1290007,56932.1890,i,23.9600,0.0963
1290007,56933.1700,z,23.0356,0.2103
1290007,56936.2600,i,23.8894,0.1404
1290007,56943.1330,z,24.2611,0.1962
1290007,56943.3550,r,24.9073,0.3007
1290007,56944.1300,i,24.3440,0.1794
1290007,56949.3500,i,24.5165,0.1169
1290007,56950.1220,r,25.3361,0.3530
1290007,56956.1550,z,24.6303,0.2063
1290007,56956.3130,i,24.3437,0.1596
1290007,56957.1480,r,25.2730,0.3368
1290007,56960.3000,i,24.6972,0.2962
1290007,56961.3080,z,24.5089,0.3060
1290007,56966.2300,z,24.2852,0.3084
1290007,56973.1520,r,25.3238,0.2680
1290007,56973.2670,z,24.9007,0.2700
1290007,56980.2170,r,25.6097,0.2428
1290007,56980.2330,i,25.0287,0.1896
1290007,56987.2330,i,25.0985,0.1887
1290007,57001.1990,i,25.4019,0.3589
1291090,56887.2110,g,23.2656,0.0645
1291090,56887.2130,r,22.9116,0.0577
1291090,56887.2150,i,23.0935,0.0901
1291090,56887.2180,z,23.0973,0.1154
1291090,56891.3770,g,22.0710,0.0285
1291090,56891.3800,r,21.9191,0.0381
1291090,56891.3820,i,22.0089,0.0676
1291090,56891.3840,z,22.2916,0.1192
1291090,56903.1200,g,21.2872,0.0445
1291090,56903.1230,r,21.1018,0.0404
1291090,56903.1250,i,21.2063,0.0504
1291090,56903.1280,z,21.8827,0.1132
1291090,56912.0960,g,21.4969,0.0667
1291090,56912.0980,r,21.2014,0.0394
1291090,56912.1010,i,21.3140,0.0412
1291090,56912.1030,z,21.8038,0.0740
1291090,56916.0890,g,21.7757,0.0597
1291090,56916.0910,r,21.2288,0.0853
1291090,56916.0930,i,21.5443,0.2002
1291090,56916.0970,z,22.2686,0.2137
1291090,56920.0750,g,22.1036,0.0237
1291090,56920.0770,r,21.5726,0.0243
1291090,56920.0820,z,22.3630,0.0922
1291090,56925.1580,g,22.5912,0.1086
1291090,56925.1600,r,21.7991,0.0336
1291090,56925.1620,i,22.0278,0.0452
1291090,56925.1650,z,22.5752,0.1111
1291090,56930.1270,g,22.9730,0.0607
1291090,56930.1300,r,22.0475,0.0324
1291090,56930.1320,i,22.0226,0.0386
1291090,56930.1340,z,22.6843,0.0891
1291090,56943.0180,g,23.7525,0.1320
1291090,56943.0200,r,22.5302,0.0664
1291090,56943.0220,i,22.2184,0.0647
1291090,56943.0250,z,22.4733,0.1114
1291090,56949.0270,g,24.0336,0.1616
1291090,56949.0300,r,22.9380,0.1980
1291090,56949.0320,i,22.4356,0.0563
1291090,56949.0360,z,22.6246,0.1338
1291090,56956.0080,g,24.6668,0.2605
1291090,56956.0100,r,23.2193,0.0945
1291090,56956.0130,i,22.7052,0.0797
1291090,56956.0150,z,23.0679,0.1536
1291090,56960.1730,r,23.3469,0.1262
1291090,56960.1750,i,22.8466,0.0952
1291090,56960.1780,z,23.2235,0.1942
1291090,56973.0210,g,24.4471,0.2221
1291090,56973.0230,r,23.6424,0.1344
1291090,56973.0250,i,23.2824,0.1236
1291090,56973.0280,z,23.5386,0.2174
1291090,56980.0370,g,24.6056,0.1914
1291090,56980.0400,r,23.7963,0.1220
1291090,56980.0420,i,23.2018,0.1082
1291090,56980.0440,z,24.1549,0.3604
1291090,56987.0440,r,24.1607,0.2105
1291090,56987.0460,i,23.5756,0.1742
1291090,56992.0490,r,24.0443,0.3496
1291090,56992.0510,i,23.9213,0.3352
1291090,57002.0520,r,24.0130,0.1718
1291090,57002.0550,i,23.9001,0.2127
1291090,57011.0560,g,24.9127,0.2726
1291090,57011.0580,r,24.5692,0.2573
1291090,57011.0600,i,24.2545,0.2774
1291090,57017.0760,r,24.2664,0.3265
1291090,57025.0610,i,23.6106,0.3420
1291090,57030.0950,i,23.5768,0.2811
1291090,57037.0760,r,24.6052,0.3594
1292560,56890.2580,g,21.9476,0.0312
1292560,56890.2630,i,22.2010,0.0674
1292560,56890.2650,z,22.3616,0.1131
1292560,56894.2690,i,21.4820,0.0714
1292560,56903.2230,g,20.6332,0.0169
1292560,56903.2250,r,20.6894,0.0152
1292560,56903.2280,i,20.8716,0.0215
1292560,56903.2300,z,21.3969,0.0557
1292560,56915.1900,g,21.2306,0.0192
1292560,56915.1930,r,21.0079,0.0209
1292560,56915.1950,i,21.1795,0.0300
1292560,56915.1980,z,21.9942,0.0757
1292560,56923.2910,r,21.4058,0.0389
1292560,56923.2930,i,21.4993,0.0452
1292560,56923.2950,z,22.4844,0.1372
1292560,56924.1660,g,22.0308,0.0263
1292560,56924.1690,r,21.4466,0.0229
1292560,56924.1710,i,21.5597,0.0293
1292560,56924.1740,z,22.2886,0.0634
1292560,56931.1470,g,22.6605,0.0744
1292560,56931.1500,r,21.7718,0.0371
1292560,56931.1520,i,21.6807,0.0407
1292560,56931.1550,z,22.1417,0.0870
1292560,56936.3500,r,22.0352,0.0921
1292560,56936.3520,i,21.8979,0.0723
1292560,56936.3550,z,21.9604,0.0673
1292560,56943.1170,g,23.6888,0.1181
1292560,56943.1190,r,22.2754,0.0470
1292560,56943.1220,i,21.9381,0.0482
1292560,56943.1240,z,22.0908,0.0697
1292560,56949.0990,g,23.7786,0.1843
1292560,56949.1010,r,22.6171,0.0929
1292560,56949.1030,i,22.3552,0.0880
1292560,56949.1060,z,22.4566,0.1245
1292560,56956.0800,g,24.0265,0.1431
1292560,56956.0830,r,22.7182,0.0556
1292560,56956.0850,i,22.5702,0.0614
1292560,56956.0870,z,22.6954,0.1082
1292560,56960.2000,r,22.9304,0.0734
1292560,56960.2020,i,22.8313,0.0860
1292560,56960.2050,z,22.8906,0.1207
1292560,56973.0350,g,24.4454,0.3223
1292560,56973.0380,r,23.1720,0.1170
1292560,56973.0400,i,23.0670,0.1365
1292560,56973.0430,z,23.3825,0.2169
1292560,56980.0520,g,24.2303,0.1347
1292560,56980.0540,r,23.4091,0.0945
1292560,56980.0560,i,23.0917,0.1134
1292560,56980.0590,z,23.4900,0.2126
1292560,56987.0570,g,24.4619,0.2386
1292560,56987.0590,r,23.4967,0.1340
1292560,56987.0610,i,23.5022,0.1747
1292560,57001.0370,g,24.7136,0.3139
1292560,57001.0390,r,23.6267,0.1235
1292560,57001.0410,i,23.9774,0.2493
1292560,57001.0440,z,23.9007,0.3098
1292560,57005.0370,r,23.9218,0.2103
1292560,57005.0390,i,23.6982,0.2157
1292560,57014.0440,r,23.7556,0.2197
1292560,57014.0460,i,23.7962,0.2188
1292560,57018.0850,g,24.1782,0.3034
1292560,57018.0880,r,24.1506,0.3130
1292560,57018.0900,i,24.0005,0.3246
1292823,56890.2860,z,22.3227,0.0422
1292823,56890.3400,i,22.3599,0.0301
1292823,56890.3660,r,22.2680,0.0350
1292823,56903.2370,g,22.3070,0.0273
1292823,56903.3600,i,21.8253,0.0327
1292823,56904.2370,z,22.1674,0.0249
1292823,56912.2010,z,22.7915,0.1570
1292823,56915.2020,r,22.3494,0.0538
1292823,56915.2320,i,22.0850,0.0415
1292823,56915.2560,g,23.0240,0.1223
1292823,56916.1940,g,23.1220,0.1174
1292823,56916.2720,z,22.7274,0.0528
1292823,56924.1930,r,22.7857,0.0229
1292823,56924.2090,i,22.5264,0.0208
1292823,56924.2320,z,22.8756,0.0417
1292823,56925.1790,g,24.0864,0.0893
1292823,56931.1750,r,23.2880,0.0436
1292823,56931.1910,i,22.7172,0.0264
1292823,56931.2800,z,22.8048,0.0354
1292823,56932.1520,g,24.3951,0.2986
1292823,56936.1570,r,23.9141,0.2468
1292823,56936.1740,i,23.0306,0.0848
1292823,56936.1950,z,22.8743,0.0671
1292823,56943.2580,r,23.9862,0.1233
1292823,56943.2730,i,23.1580,0.0489
1292823,56943.2980,z,23.0659,0.0597
1292823,56949.1330,r,24.6926,0.3233
1292823,56949.1510,i,23.4143,0.0587
1292823,56949.1670,z,23.2056,0.1225
1292823,56956.2170,g,25.4941,0.3164
1292823,56956.2260,r,24.3685,0.1131
1292823,56956.2420,i,23.7929,0.1120
1292823,56956.2670,z,23.4647,0.0979
1292823,56960.2840,r,24.7922,0.3119
1292823,56961.2050,z,24.1727,0.2668
1292823,56973.0490,i,24.1155,0.1083
1292823,56973.0960,r,24.8183,0.1354
1292823,56973.1960,z,24.1852,0.1315
1292823,56980.0880,r,25.0718,0.1735
1292823,56980.1040,i,24.2421,0.1081
1292823,56980.1270,z,24.4176,0.1685
1292823,56987.0930,r,25.0115,0.1645
1292823,56987.1090,i,24.3460,0.1178
1292823,56987.1340,z,24.6686,0.2098
1292823,56990.0940,r,24.6465,0.2418
1292823,56990.1300,z,24.5964,0.2215
1292823,57001.0600,r,25.0975,0.1678
1292823,57001.0740,i,24.9420,0.2394
1292823,57005.0950,r,24.8897,0.2014
1292823,57005.1100,i,24.5445,0.2049
1292823,57005.1420,z,24.4525,0.2663
1292823,57012.1050,r,25.4405,0.2970
1292823,57012.1200,i,24.9788,0.2857
1292823,57018.1310,r,25.2208,0.3422
1292823,57032.0640,r,25.3924,0.3302
1292823,57038.1180,r,25.2503,0.2549
1293046,56890.2850,z,23.6754,0.1480
1293046,56890.3400,i,23.6078,0.0940
1293046,56890.3660,r,23.4971,0.1023
1293046,56903.3600,i,23.3466,0.1438
1293046,56904.2380,z,23.3615,0.0818
1293046,56915.2030,r,24.1476,0.2983
1293046,56915.2320,i,23.5550,0.1583
1293046,56916.2720,z,23.9727,0.1792
1293046,56924.1930,r,24.9869,0.1762
1293046,56924.2090,i,24.0909,0.0906
1293046,56924.2340,z,24.2470,0.1473
1293046,56931.1910,i,24.7516,0.1762
1293046,56931.2800,z,24.0617,0.1236
1293046,56956.2660,z,24.7444,0.3266
1293758,56903.1070,g,22.0741,0.1849
1293758,56903.1090,r,21.6620,0.0858
1293758,56903.1110,i,21.7154,0.0737
1293758,56903.1140,z,22.7282,0.2254
1293758,56903.1200,g,21.8163,0.0638
1293758,56903.1230,r,21.8417,0.0809
1293758,56903.1250,i,21.8396,0.1007
1293758,56903.1280,z,22.3522,0.1740
1293758,56912.0830,g,20.1833,0.0134
1293758,56912.0850,r,20.3184,0.0129
1293758,56912.0870,i,20.4312,0.0164
1293758,56912.0890,z,20.8373,0.0244
1293758,56912.0960,g,20.1605,0.0193
1293758,56912.0980,r,20.3127,0.0176
1293758,56912.1010,i,20.4339,0.0192
1293758,56912.1030,z,20.7229,0.0265
1293758,56916.0710,g,20.2090,0.0266
1293758,56916.0740,r,20.2136,0.0498
1293758,56916.0760,i,20.4869,0.1235
1293758,56916.0790,z,20.8920,0.1023
1293758,56916.0890,g,20.0822,0.0136
1293758,56916.0910,r,20.1684,0.0306
1293758,56916.0930,i,20.2921,0.0665
1293758,56916.0970,z,20.9154,0.0605
1293758,56920.0610,g,20.2675,0.0056
1293758,56920.0640,r,20.2338,0.0073
1293758,56920.0660,i,20.4990,0.0129
1293758,56920.0690,z,21.0419,0.0243
1293758,56920.0750,g,20.2638,0.0048
1293758,56920.0770,r,20.2268,0.0072
1293758,56920.0820,z,20.9979,0.0258
1293758,56924.1410,g,20.5875,0.0062
1293758,56924.1440,r,20.4198,0.0075
1293758,56925.1580,g,20.6380,0.0180
1293758,56925.1600,r,20.4638,0.0095
1293758,56925.1620,i,20.8672,0.0165
1293758,56925.1650,z,21.3608,0.0348
1293758,56930.1140,g,21.2184,0.0173
1293758,56930.1160,r,20.7847,0.0143
1293758,56930.1180,i,21.1491,0.0231
1293758,56930.1210,z,21.5770,0.0418
1293758,56930.1270,g,21.2320,0.0131
1293758,56930.1300,r,20.7800,0.0103
1293758,56930.1320,i,21.1287,0.0186
1293758,56930.1340,z,21.5496,0.0318
1293758,56943.0050,g,22.5144,0.0524
1293758,56943.0070,r,21.4485,0.0338
1293758,56943.0180,g,22.5062,0.0450
1293758,56943.0200,r,21.4480,0.0255
1293758,56943.0220,i,21.2275,0.0301
1293758,56943.0250,z,21.2437,0.0374
1293758,56949.0140,g,23.0147,0.0633
1293758,56949.0160,r,21.8915,0.0404
1293758,56949.0190,i,21.7180,0.0386
1293758,56949.0190,z,21.7663,0.0699
1293758,56949.0270,g,22.9751,0.0654
1293758,56949.0300,r,21.7878,0.0707
1293758,56949.0320,i,21.7009,0.0318
1293758,56949.0350,z,21.8049,0.0616
1293758,56953.0310,g,23.0395,0.0666
1293758,56953.0330,r,22.0805,0.0405
1293758,56953.0380,i,21.9418,0.0508
1293758,56953.0410,z,21.9782,0.0692
1293758,56956.0080,g,23.2621,0.0785
1293758,56956.0100,r,22.1394,0.0345
1293758,56956.0130,i,22.1360,0.0495
1293758,56956.0150,z,22.0523,0.0610
1293758,56957.0050,g,23.1234,0.1566
1293758,56957.0080,r,21.9848,0.0677
1293758,56957.0100,i,21.8453,0.0875
1293758,56960.1710,g,23.3682,0.0972
1293758,56960.1730,r,22.2643,0.0439
1293758,56960.1750,i,22.2487,0.0564
1293758,56960.1780,z,22.1945,0.0718
1293758,56961.0090,g,22.9575,0.3150
1293758,56961.0110,r,22.6543,0.2355
1293758,56961.0130,i,22.5203,0.1265
1293758,56961.0140,z,22.3962,0.2354
1293758,56973.0210,g,23.7171,0.1108
1293758,56973.0230,r,22.6498,0.0543
1293758,56973.0250,i,22.6923,0.0750
1293758,56973.0260,z,22.9230,0.1654
1293758,56973.1140,g,23.6603,0.0818
1293758,56973.1160,r,22.6031,0.0386
1293758,56973.1180,i,22.7142,0.0578
1293758,56973.1190,z,22.7688,0.1204
1293758,56980.0240,g,23.5900,0.0927
1293758,56980.0260,r,22.8059,0.0533
1293758,56980.0280,i,22.8418,0.0752
1293758,56980.0370,g,23.5674,0.0725
1293758,56980.0400,r,22.8050,0.0504
1293758,56980.0420,i,22.8617,0.0821
1293758,56980.0440,z,23.0847,0.1277
1293758,56987.0280,g,23.7853,0.1429
1293758,56987.0300,r,22.8243,0.0595
1293758,56987.0330,i,23.0835,0.1139
1293758,56987.0410,g,23.6358,0.1065
1293758,56987.0440,r,23.0296,0.0743
1293758,56987.0460,i,23.0230,0.1119
1293758,56987.0490,z,23.5775,0.2255
1293758,56991.1080,g,22.2085,0.1170
1293758,56992.0350,r,23.0190,0.1229
1293758,56992.0370,i,23.2945,0.1762
1293758,56992.0490,r,22.9153,0.1259
1293758,56992.0510,i,23.1032,0.1729
1293758,56992.0530,z,23.4439,0.2791
1293758,57002.0370,g,23.8657,0.1721
1293758,57002.0390,r,23.4335,0.1139
1293758,57002.0410,i,23.6973,0.2024
1293758,57002.0500,g,23.7926,0.1218
1293758,57002.0520,r,23.4034,0.0939
1293758,57002.0550,i,23.5946,0.1657
1293758,57002.0570,z,23.8011,0.2679
1293758,57011.0420,g,23.8578,0.1299
1293758,57011.0450,r,23.4609,0.0901
1293758,57011.0470,i,23.6853,0.1470
1293758,57011.0560,g,23.8445,0.1099
1293758,57011.0580,r,23.4102,0.0908
1293758,57011.0600,i,24.0781,0.2356
1293758,57011.0630,z,23.9584,0.2744
1293758,57016.1050,g,24.1622,0.1557
1293758,57016.1070,r,23.7123,0.1370
1293758,57016.1090,i,24.0160,0.2769
1293758,57017.0740,g,24.3725,0.2856
1293758,57017.0760,r,23.8053,0.2030
1293758,57025.0590,r,22.9800,0.2197
1293758,57030.0460,r,24.2972,0.3102
1293758,57030.0480,i,24.1077,0.3093
1293758,57030.0910,g,23.6742,0.2755
1293758,57030.0930,r,23.5683,0.2863
1293758,57037.0600,g,24.5915,0.2585
1293758,57037.0630,r,24.3836,0.2828
1293758,57037.0740,g,24.7473,0.3292
1293758,57037.0760,r,23.8173,0.1795
1293758,57037.0780,i,23.6733,0.2486
1293758,57042.0880,g,23.4144,0.1636
1293758,57042.0910,r,24.0274,0.3303
1293758,57042.0930,i,23.4281,0.2496
1293758,57044.0440,g,23.8539,0.2131
1293758,57049.0440,r,23.7981,0.3333
1293789,56885.2890,g,24.2926,0.3617
1293789,56885.3000,z,23.6897,0.1419
1293789,56885.3450,i,23.6094,0.1029
1293789,56885.3690,r,23.4254,0.0736
1293789,56888.2810,g,23.2302,0.0439
1293789,56903.2460,r,21.9213,0.0230
1293789,56903.2620,i,22.0447,0.0510
1293789,56912.2590,z,22.4766,0.0625
1293789,56912.3040,r,22.1188,0.0339
1293789,56912.3200,i,22.1305,0.0368
1293789,56915.2220,g,23.3063,0.1251
1293789,56916.2030,g,23.1177,0.1262
1293789,56920.1960,g,23.6989,0.0662
1293789,56920.2050,r,22.5108,0.0213
1293789,56920.2210,i,22.4107,0.0293
1293789,56920.2460,z,22.6997,0.0460
1293789,56925.1880,g,24.2825,0.1086
1293789,56925.3060,r,22.8598,0.0317
1293789,56925.3290,i,22.5919,0.0346
1293789,56927.1780,z,22.8794,0.0894
1293789,56932.1720,r,23.2668,0.0832
1293789,56932.1880,i,22.9290,0.0616
1293789,56933.1700,z,23.1265,0.3445
1293789,56936.2440,r,23.4187,0.1150
1293789,56936.2600,i,23.0533,0.1082
1293789,56943.1340,z,23.0379,0.0964
1293789,56943.3550,r,23.8349,0.1265
1293789,56944.1290,i,23.3147,0.1137
1293789,56949.3500,i,23.3319,0.0661
1293789,56950.1220,r,24.1628,0.1375
1293789,56956.1560,z,23.4982,0.1098
1293789,56956.3130,i,23.5209,0.1276
1293789,56957.1480,r,24.3785,0.1699
1293789,56960.3000,i,24.1521,0.3076
1293789,56961.3090,z,23.8220,0.2496
1293789,56966.1290,i,23.9842,0.3496
1293789,56966.2290,z,24.0905,0.3511
1293789,56973.1520,r,24.8238,0.1852
1293789,56973.2450,i,24.2689,0.1985
1293789,56973.2670,z,24.2818,0.2228
1293789,56980.2170,r,24.7668,0.1240
1293789,56980.2330,i,24.6074,0.2096
1293789,56980.2550,z,24.1429,0.1924
1293789,56987.2080,g,25.8147,0.3591
1293789,56987.2330,i,24.1512,0.1317
1293789,56987.2540,z,24.1816,0.2329
1293789,56990.2170,r,25.1107,0.3128
1293789,57001.1990,i,24.6839,0.3085
1293789,57008.0400,i,24.5175,0.2572
1293789,57039.0730,r,25.1898,0.2400
1294351,56903.3830,g,22.0892,0.0457
1294351,56903.3860,r,21.7674,0.0547
1294351,56903.3880,i,21.8488,0.0924
1294351,56903.3910,z,22.2958,0.1325
1294351,56915.2650,g,22.7953,0.2763
1294351,56915.2670,r,22.1110,0.1770
1294351,56915.2690,i,21.7718,0.1084
1294351,56915.2720,z,22.1792,0.1175
1294351,56923.3150,g,22.8971,0.0970
1294351,56923.3180,r,22.2657,0.0779
1294351,56923.3200,i,22.2455,0.0901
1294351,56923.3220,z,22.5592,0.1551
1294351,56927.2800,g,23.1591,0.1054
1294351,56927.2830,r,22.2474,0.0609
1294351,56927.2850,i,22.2454,0.0709
1294351,56927.2880,z,22.8449,0.1422
1294351,56932.2170,g,23.7581,0.2349
1294351,56932.2200,r,22.6881,0.0908
1294351,56932.2220,i,22.6309,0.0873
1294351,56932.2240,z,22.7583,0.1130
1294351,56943.2040,r,23.1427,0.2429
1294351,56943.2060,i,22.8818,0.1402
1294351,56943.2090,z,22.7740,0.1134
1294351,56952.1200,r,23.8993,0.2296
1294351,56952.1220,i,22.8918,0.1237
1294351,56952.1250,z,23.0030,0.1914
1294351,56957.1080,i,22.9799,0.2264
1294351,56959.1020,r,24.0175,0.2707
1294351,56959.1050,i,23.3436,0.1978
1294351,56959.1070,z,23.3894,0.2230
1294351,56964.2200,i,23.3719,0.2552
1294351,56973.1880,i,23.7828,0.2065
1294351,56973.1900,z,23.6456,0.2100
1294351,56980.1810,r,24.3990,0.2647
1294351,56980.1830,i,23.9099,0.2399
1294351,56980.1860,z,23.5066,0.2187
1294351,56987.1800,g,24.8261,0.3267
1294351,56987.1820,r,24.4672,0.3050
1294436,56959.1000,g,23.6471,0.3398
1294436,56959.1020,r,23.2647,0.2464
1294436,56959.1070,z,23.2767,0.3421
1294436,56964.2230,z,22.7691,0.2676
1294436,56980.1790,g,23.2896,0.1420
1294436,56980.1810,r,23.3771,0.1864
1294436,56980.1830,i,23.2352,0.2641
1294436,56980.1860,z,23.1393,0.2603
1294436,56987.1800,g,23.8936,0.2784
1294436,56990.1810,g,22.9603,0.2157
1294436,56990.1880,z,22.2404,0.2335
1294436,57003.0430,g,23.0755,0.1504
1294436,57003.0470,i,23.4947,0.3419
1294436,57003.0490,z,23.2597,0.3255
1294436,57011.0710,g,22.5722,0.0722
1294436,57011.0730,r,22.7333,0.0860
1294436,57011.0750,i,22.5294,0.1201
1294436,57011.0770,z,22.7940,0.1714
1294436,57018.0430,g,22.7944,0.3315
1294436,57018.0450,r,23.0172,0.3583
1294436,57019.0490,z,22.9194,0.3440
1294436,57021.0500,z,22.5800,0.2391
1294436,57029.0660,g,22.8629,0.2865
1294436,57036.0510,g,22.6904,0.1198
1294436,57036.0530,r,23.1660,0.1764
1294436,57036.0550,i,22.6862,0.1769
1294436,57036.0580,z,23.2747,0.3410
1294436,57042.0740,g,22.7503,0.1671
1294436,57042.0780,i,22.4432,0.1798
1294436,57042.0810,z,22.8903,0.2852
1295844,56912.0960,g,22.7237,0.2105
1295844,56912.0980,r,22.9961,0.2101
1295844,56912.1010,i,23.1697,0.2299
1295844,56912.1030,z,22.8525,0.1902
1295844,56916.0890,g,22.2045,0.1050
1295844,56916.0910,r,22.2346,0.2159
1295844,56916.0970,z,22.2282,0.2092
1295844,56920.0750,g,22.1317,0.0238
1295844,56920.0770,r,22.2844,0.0451
1295844,56920.0820,z,22.4278,0.0966
1295844,56925.1580,g,21.8227,0.0561
1295844,56925.1600,r,21.8514,0.0342
1295844,56925.1620,i,21.9475,0.0412
1295844,56925.1650,z,22.1012,0.0721
1295844,56930.1270,g,21.8776,0.0244
1295844,56930.1300,r,21.8811,0.0265
1295844,56930.1320,i,21.9105,0.0349
1295844,56930.1340,z,22.0343,0.0482
1295844,56943.0180,g,23.3036,0.1012
1295844,56943.0200,r,22.9049,0.0915
1295844,56943.0220,i,22.7085,0.1050
1295844,56943.0250,z,22.9422,0.1690
1295844,56949.0270,g,23.8856,0.1374
1295844,56949.0300,r,23.5220,0.3485
1295844,56949.0320,i,23.2102,0.1160
1295844,56949.0350,z,23.2882,0.2515
1295844,56956.0080,g,24.5452,0.2288
1295844,56956.0100,r,23.8414,0.1553
1295844,56956.0130,i,23.6298,0.1894
1295844,56956.0150,z,23.7168,0.2827
1295844,56960.1730,r,24.2151,0.2734
1295844,56960.1750,i,23.4723,0.1681
1295844,56960.1780,z,23.8899,0.3377
1295844,56973.0230,r,24.2755,0.2348
1295844,56973.0250,i,23.9664,0.2327
1295844,56973.0280,z,23.8794,0.2888
1295844,56980.0370,g,24.6042,0.1875
1295844,56980.0400,r,24.0489,0.1488
1295844,56980.0420,i,23.6193,0.1572
1295844,56980.0450,z,24.0864,0.3321
1295844,56987.0410,g,24.1002,0.1566
1295844,56987.0440,r,23.8289,0.1498
1295844,56987.0460,i,23.3702,0.1392
1295844,56987.0490,z,23.5489,0.2178
1295844,56992.0490,r,24.0901,0.3608
1295844,56992.0510,i,23.6792,0.2783
1296321,56915.2650,g,22.4788,0.1790
1296321,56915.2670,r,22.7230,0.3215
1296321,56915.2690,i,22.9930,0.3088
1296321,56915.2720,z,23.0948,0.2540
1296321,56923.3150,g,21.3316,0.0210
1296321,56923.3180,r,21.1997,0.0266
1296321,56923.3200,i,21.2568,0.0330
1296321,56923.3220,z,21.5797,0.0594
1296321,56927.2800,g,21.1251,0.0150
1296321,56927.2830,r,21.0073,0.0180
1296321,56927.2850,i,21.1838,0.0243
1296321,56927.2880,z,21.5319,0.0407
1296321,56932.2170,g,21.2145,0.0214
1296321,56932.2200,r,20.9764,0.0172
1296321,56932.2220,i,21.1875,0.0221
1296321,56932.2240,z,21.7239,0.0401
1296321,56943.2020,g,21.8180,0.0718
1296321,56943.2040,r,21.4217,0.0475
1296321,56943.2060,i,21.7667,0.0473
1296321,56943.2090,z,22.4093,0.0778
1296321,56952.1180,g,22.7427,0.0541
1296321,56952.1200,r,21.7421,0.0296
1296321,56952.1220,i,21.9378,0.0494
1296321,56952.1250,z,22.4283,0.1085
1296321,56957.1060,r,21.8588,0.0679
1296321,56957.1080,i,22.0546,0.0880
1296321,56957.1110,z,22.4337,0.1568
1296321,56959.1000,g,23.1283,0.1019
1296321,56959.1020,r,22.0422,0.0418
1296321,56959.1050,i,21.9117,0.0491
1296321,56959.1070,z,22.3811,0.0854
1296321,56964.2180,r,22.2551,0.0818
1296321,56964.2200,i,22.1444,0.0812
1296321,56964.2220,z,22.0960,0.0822
1296321,56973.1830,g,24.2958,0.3375
1296321,56973.1850,r,22.6692,0.0710
1296321,56973.1880,i,22.5590,0.0639
1296321,56973.1900,z,22.5430,0.0726
1296321,56980.1790,g,24.1217,0.1369
1296321,56980.1810,r,23.0862,0.0755
1296321,56980.1830,i,22.9783,0.0980
1296321,56980.1860,z,22.6982,0.1008
1296321,56987.1800,g,24.8435,0.3019
1296321,56987.1820,r,23.1014,0.0823
1296321,56987.1870,z,23.1135,0.1606
1296321,56990.1810,g,23.9985,0.2810
1296321,56990.1830,r,23.1590,0.1653
1296321,56990.1850,i,22.9715,0.3382
1296321,57003.0450,r,23.4878,0.1230
1296321,57003.0470,i,23.5233,0.1648
1296321,57003.0490,z,23.9729,0.3596
1296321,57011.0710,g,24.7389,0.2212
1296321,57011.0730,r,23.5701,0.0963
1296321,57011.0750,i,23.9916,0.2198
1296321,57011.0770,z,23.6233,0.2161
1296321,57036.0530,r,23.9840,0.1982
1296321,57036.0550,i,24.1150,0.3186
1296657,56915.2920,g,20.3226,0.0231
1296657,56915.2940,r,20.4881,0.0196
1296657,56915.2960,i,20.5558,0.0213
1296657,56915.2990,z,21.0347,0.0340
1296657,56923.3020,g,20.0228,0.0115
1296657,56923.3040,r,20.0532,0.0128
1296657,56923.3060,i,20.3535,0.0219
1296657,56923.3090,z,20.8492,0.0361
1296657,56924.1800,g,20.0384,0.0079
1296657,56924.1820,r,20.0417,0.0091
1296657,56924.1840,i,20.3528,0.0134
1296657,56924.1870,z,20.8545,0.0220
1296657,56931.1610,g,20.3241,0.0184
1296657,56931.1630,r,20.1742,0.0146
1296657,56931.1650,i,20.4325,0.0209
1296657,56931.1680,z,21.1027,0.0401
1296657,56936.3610,g,20.7009,0.0337
1296657,56936.3630,r,20.4225,0.0204
1296657,56936.3650,i,20.8480,0.0328
1296657,56936.3680,z,21.4945,0.0551
1296657,56943.2450,g,21.2787,0.0611
1296657,56943.2470,r,20.7347,0.0188
1296657,56943.2490,i,21.1151,0.0271
1296657,56943.2510,z,21.6537,0.0425
1296657,56949.1120,g,21.8342,0.0834
1296657,56949.1150,r,20.9487,0.0561
1296657,56949.1170,i,20.9654,0.1864
1296657,56949.1200,z,21.3885,0.0971
1296657,56956.2030,g,22.4743,0.0773
1296657,56956.2060,r,21.1131,0.0218
1296657,56956.2080,i,21.0362,0.0305
1296657,56956.2110,z,21.1971,0.0373
1296657,56960.2260,g,22.4947,0.0921
1296657,56960.2280,r,21.3789,0.0413
1296657,56960.2310,i,21.2617,0.0419
1296657,56960.2330,z,21.2481,0.0568
1296657,56973.0730,g,22.9431,0.0911
1296657,56973.0750,r,21.9550,0.0409
1296657,56973.0770,i,21.9977,0.0607
1296657,56973.0780,z,22.0526,0.1107
1296657,56980.0660,g,23.0529,0.1008
1296657,56980.0680,r,22.0655,0.0438
1296657,56980.0700,i,22.2806,0.1001
1296657,56980.0720,z,22.4275,0.1189
1296657,56987.0710,g,23.2142,0.1453
1296657,56987.0730,r,22.2039,0.0531
1296657,56987.0750,i,22.4577,0.0941
1296657,56987.0780,z,22.5717,0.1253
1296657,56990.0800,z,22.6329,0.3170
1296657,56992.0610,g,22.7451,0.3085
1296657,56992.0640,r,22.3991,0.1181
1296657,56992.0660,i,22.7619,0.1812
1296657,56992.0680,z,22.9012,0.2017
1296657,57001.2280,r,22.4934,0.1676
1296657,57001.2300,i,23.0552,0.2617
1296657,57001.2320,z,23.2094,0.3479
1296657,57005.0720,g,23.4919,0.2281
1296657,57005.0740,r,22.6870,0.1095
1296657,57005.0760,i,22.8380,0.2183
1296657,57005.0790,z,23.0277,0.3006
1296657,57012.0540,g,23.2692,0.3171
1296657,57012.0560,r,23.1448,0.2584
1296657,57014.0560,g,23.4571,0.1902
1296657,57014.0580,r,22.8898,0.1079
1296657,57014.0600,i,23.7192,0.3185
1296657,57019.0870,r,23.1427,0.2403
1296657,57019.0890,i,23.5991,0.3581
1296657,57033.0400,g,23.4313,0.3242
1296657,57033.0420,r,23.3428,0.2043
1296657,57040.0490,r,23.5642,0.2233
1296657,57045.0480,r,23.6812,0.3186
1296793,56915.2940,r,23.5352,0.2347
1296793,56915.2960,i,22.9975,0.1389
1296793,56915.2990,z,23.0353,0.1651
1296793,56923.3040,r,23.3199,0.1956
1296793,56923.3060,i,23.3469,0.2370
1296793,56924.1820,r,23.7217,0.2048
1296793,56924.1840,i,23.2656,0.1362
1296793,56924.1870,z,23.2112,0.1566
1296793,56931.1650,i,23.5080,0.2505
1296793,56931.1680,z,23.3375,0.2533
1296793,56936.3610,g,23.7925,0.3611
1296793,56936.3630,r,23.5032,0.3053
1296793,56936.3680,z,23.4651,0.2688
1296793,56943.2510,z,23.7871,0.2425
1296793,56956.2110,z,23.9347,0.3576
1296793,57012.0540,g,23.8098,0.3111
1296793,57012.0560,r,23.7223,0.3576
1298893,56923.3020,g,22.5851,0.0752
1298893,56923.3040,r,22.6367,0.1223
1298893,56923.3060,i,22.8526,0.1864
1298893,56924.1800,g,22.3792,0.0388
1298893,56924.1820,r,22.4346,0.0689
1298893,56924.1840,i,22.4440,0.0759
1298893,56924.1850,z,22.7440,0.2142
1298893,56931.1610,g,21.0904,0.0240
1298893,56931.1630,r,21.2000,0.0339
1298893,56931.1650,i,21.2084,0.0367
1298893,56931.1660,z,21.5321,0.1047
1298893,56943.2470,r,21.1019,0.0243
1298893,56943.2490,i,21.3022,0.0277
1298893,56943.2510,z,21.9817,0.0674
1298893,56949.1120,g,22.4016,0.0921
1298893,56949.1150,r,21.6331,0.0970
1298893,56949.1170,i,21.3158,0.2232
1298893,56956.2030,g,23.2116,0.0988
1298893,56956.2060,r,21.9172,0.0419
1298893,56956.2080,i,21.9327,0.0647
1298893,56956.2110,z,21.9798,0.0904
1298893,56973.0730,g,24.4746,0.2405
1298893,56980.0660,g,24.7560,0.2833
1298893,56980.0680,r,23.2092,0.1098
1298893,56987.0730,r,23.6917,0.1765
1298893,56992.0640,r,23.3576,0.2575
1298893,56992.0680,z,23.1380,0.2867
1298893,57005.0740,r,23.5387,0.2103
1298893,57012.0540,g,23.0704,0.1623
1298893,57012.0560,r,23.3804,0.3076
1299775,56927.2210,g,21.5982,0.0224
1299775,56927.2240,r,21.6167,0.0317
1299775,56927.2260,i,21.4655,0.0473
1299775,56927.2290,z,22.0677,0.1033
1299775,56943.1780,g,20.5434,0.0209
1299775,56943.1800,r,20.2425,0.0141
1299775,56943.1820,i,20.4537,0.0208
1299775,56943.1850,z,21.0736,0.0366
1299775,56949.3370,g,20.9532,0.0103
1299775,56949.3390,r,20.4380,0.0106
1299775,56949.3410,i,20.6930,0.0214
1299775,56949.3440,z,21.3195,0.0354
1299775,56956.3510,g,21.6910,0.0286
1299775,56956.3540,r,20.8723,0.0216
1299775,56956.3560,i,21.1586,0.0484
1299775,56956.3590,z,21.4937,0.0772
1299775,56961.3570,g,22.2105,0.0512
1299775,56961.3590,r,21.0496,0.0279
1299775,56961.3610,i,21.0734,0.0470
1299775,56961.3640,z,21.4992,0.1085
1299775,56963.2420,g,22.1779,0.1566
1299775,56963.2440,r,20.9702,0.0553
1299775,56963.2460,i,21.0658,0.0837
1299775,56963.2490,z,21.2492,0.0653
1299775,56973.1680,g,23.1522,0.1197
1299775,56973.1710,r,21.5109,0.0309
1299775,56973.1730,i,21.2841,0.0339
1299775,56973.1750,z,21.3076,0.0396
1299775,56980.3030,g,23.4269,0.0839
1299775,56980.3060,r,21.9701,0.0401
1299775,56980.3080,i,21.8092,0.0581
1299775,56980.3100,z,21.8005,0.0687
1299775,56987.3030,g,23.4284,0.1305
1299775,56987.3060,r,22.1444,0.0659
1299775,56987.3080,i,22.2372,0.1354
1299775,56987.3100,z,22.0667,0.1250
1299775,56992.1250,r,22.3222,0.1129
1299775,56992.1270,i,22.1861,0.1307
1299775,56992.1290,z,22.4221,0.1731
1299775,57001.2900,r,22.2084,0.1901
1299775,57001.2920,i,22.4451,0.3369
1299775,57004.0370,g,23.6520,0.2384
1299775,57004.0400,r,22.3243,0.1737
1299775,57004.0420,i,22.4897,0.2844
1299775,57004.0450,z,22.4616,0.2478
1299775,57011.0850,g,23.7282,0.1058
1299775,57011.0870,r,22.6252,0.0564
1299775,57011.0890,i,22.7287,0.1229
1299775,57011.0920,z,22.8782,0.1628
1299775,57017.2380,g,23.8448,0.2082
1299775,57017.2420,i,22.9703,0.2509
1299775,57017.2450,z,22.9112,0.2900
1299775,57025.0740,r,22.8245,0.2398
1299775,57032.1470,r,23.1957,0.1898
1299775,57032.1490,i,23.2186,0.2650
1299775,57032.1520,z,23.4408,0.3504
1299775,57039.1120,g,23.9564,0.1626
1299775,57039.1150,r,23.2254,0.1242
1299775,57044.1690,g,23.9848,0.2282
1299775,57044.1710,r,23.3020,0.1731
1299775,57051.1470,r,23.2517,0.2704
1299775,57061.0620,i,22.2149,0.2447
1299775,57066.0450,r,23.4749,0.3530
1299775,57067.0990,r,23.7378,0.2469
1302915,56943.2020,g,23.0837,0.2239
1302915,56943.2040,r,22.4709,0.1162
1302915,56943.2060,i,22.6143,0.0999
1302915,56943.2090,z,22.7135,0.1003
1302915,56952.1180,g,22.6452,0.0481
1302915,56952.1200,r,22.0648,0.0380
1302915,56952.1220,i,22.1862,0.0572
1302915,56952.1250,z,22.3218,0.0941
1302915,56957.1060,r,22.0674,0.0803
1302915,56957.1080,i,22.1762,0.0911
1302915,56957.1110,z,22.4973,0.1565
1302915,56959.1000,g,23.0521,0.0930
1302915,56959.1020,r,22.1265,0.0440
1302915,56959.1050,i,22.1540,0.0567
1302915,56959.1070,z,22.2486,0.0707
1302915,56964.2180,r,22.5483,0.1029
1302915,56964.2200,i,22.2461,0.0819
1302915,56964.2230,z,22.4385,0.1074
1302915,56973.1830,g,24.1896,0.3251
1302915,56973.1850,r,22.9638,0.0909
1302915,56973.1880,i,22.7346,0.0690
1302915,56973.1900,z,22.9649,0.1019
1302915,56980.1810,r,23.4950,0.1065
1302915,56980.1830,i,22.9340,0.0848
1302915,56980.1850,z,22.7719,0.1009
1302915,56987.1820,r,24.4421,0.2805
1302915,56987.1870,z,22.9826,0.1347
1302915,56990.1880,z,23.2652,0.3403
1302915,57003.0450,r,24.5117,0.3066
1302915,57003.0470,i,23.7734,0.1883
1302915,57011.0750,i,23.9971,0.2034
1302915,57011.0780,z,23.6420,0.2092
1302915,57018.0470,i,23.8525,0.3541
1303279,56949.3230,g,21.9877,0.0310
1303279,56949.3280,i,22.3686,0.0886
1303279,56949.3300,z,22.6901,0.1286
1303279,56956.3380,g,20.0863,0.0127
1303279,56956.3420,i,20.6122,0.0332
1303279,56956.3450,z,20.9251,0.0422
1303279,56960.2710,g,19.8010,0.0079
1303279,56960.2760,i,20.3670,0.0279
1303279,56960.2780,z,20.6848,0.0423
1303279,56966.3530,g,19.7811,0.0328
1303279,56966.3570,i,20.2343,0.0455
1303279,56966.3600,z,20.7717,0.0630
1303279,56973.3150,g,19.9814,0.0157
1303279,56973.3190,i,20.2486,0.0184
1303279,56973.3220,z,20.9155,0.0359
1303279,56980.3210,i,20.7728,0.0254
1303279,56980.3230,z,21.4006,0.0484
1303279,56988.0290,g,21.3155,0.0352
1303279,56988.0340,i,20.8595,0.0328
1303279,56988.0370,z,21.3662,0.0635
1303279,56991.1560,i,20.8312,0.0645
1303279,56991.1580,z,21.2843,0.1063
1303279,56992.1360,g,21.7300,0.0869
1303279,56992.1410,i,20.8507,0.0328
1303279,56992.1440,z,21.2016,0.0428
1303279,57001.3060,i,21.0366,0.1020
1303279,57001.3090,z,21.2439,0.1164
1303279,57008.1110,g,22.6654,0.0617
1303279,57008.1150,i,21.5228,0.0471
1303279,57008.1180,z,21.5167,0.0508
1303279,57012.0820,g,22.9055,0.0778
1303279,57012.0860,i,21.6737,0.0515
1303279,57012.0890,z,21.8649,0.0695
1303279,57018.0710,g,22.6647,0.1551
1303279,57018.0750,i,22.1363,0.1608
1303279,57018.0780,z,22.4780,0.2177
1303279,57019.0700,g,22.9744,0.1976
1303279,57019.0750,i,21.9415,0.0895
1303279,57019.0770,z,22.5287,0.1695
1303279,57026.1660,g,22.1440,0.2864
1303279,57026.1710,i,22.3120,0.1962
1303279,57026.1740,z,23.0503,0.3156
1303279,57033.1610,g,23.1490,0.2107
1303279,57033.1660,i,22.5694,0.1762
1303279,57033.1680,z,22.6549,0.2206
1303279,57040.1750,g,23.0298,0.0826
1303279,57040.1790,i,22.7152,0.1432
1303279,57040.1820,z,22.8025,0.1847
1303279,57047.0860,g,23.1749,0.1197
1303279,57047.0910,i,22.6670,0.1485
1303279,57047.0940,z,23.2231,0.2929
1303279,57066.0300,g,23.1707,0.2532
1303496,56949.3390,r,23.2212,0.1084
1303496,56949.3410,i,23.1612,0.1378
1303496,56949.3420,z,23.3697,0.2666
1303496,56956.3510,g,21.2366,0.0166
1303496,56956.3540,r,21.2304,0.0251
1303496,56956.3560,i,21.2462,0.0363
1303496,56956.3580,z,21.4526,0.0640
1303496,56961.3570,g,20.7768,0.0122
1303496,56961.3590,r,20.6872,0.0164
1303496,56961.3610,i,20.8417,0.0271
1303496,56961.3640,z,21.0535,0.0629
1303496,56963.2420,g,20.6449,0.0309
1303496,56963.2440,r,20.5977,0.0328
1303496,56963.2470,z,21.0298,0.0738
1303496,56973.1680,g,20.9874,0.0145
1303496,56973.1710,r,20.6573,0.0116
1303496,56973.1730,i,20.8903,0.0169
1303496,56973.1740,z,21.4868,0.0540
1303496,56980.3060,r,21.0182,0.0137
1303496,56980.3080,i,21.3024,0.0252
1303496,56980.3080,z,21.8395,0.0883
1303496,56987.3030,g,22.2987,0.0398
1303496,56987.3060,r,21.3664,0.0261
1303496,56987.3080,i,21.5559,0.0510
1303496,56987.3110,z,21.8352,0.0890
1303496,56992.1230,g,22.6496,0.1309
1303496,56992.1250,r,21.5645,0.0472
1303496,56992.1270,i,21.5727,0.0530
1303496,56992.1280,z,21.7835,0.1206
1303496,57001.2900,r,21.9641,0.1490
1303496,57001.2920,i,21.6780,0.1229
1303496,57001.2930,z,21.5741,0.2607
1303496,57004.0370,g,23.4935,0.1726
1303496,57011.0890,i,22.2715,0.0528
1303496,57017.2380,g,23.9921,0.2086
1303496,57017.2430,z,22.3448,0.2119
1303496,57025.0740,r,22.7615,0.1843
1303496,57025.0760,i,22.9937,0.2207
1303496,57025.0790,z,22.8031,0.2227
1303496,57032.1470,r,22.9194,0.1238
1303496,57032.1490,i,23.1675,0.1762
1303496,57032.1500,z,22.8699,0.2593
1303496,57039.1120,g,24.5087,0.2530
1303496,57039.1150,r,23.0799,0.0910
1303496,57039.1170,i,23.1735,0.1450
1303496,57039.1180,z,23.0526,0.3177
1303496,57044.1710,r,23.4139,0.1603
1303496,57044.1760,z,23.4118,0.3309
1303496,57051.1470,r,22.9773,0.1603
1303496,57051.1490,i,23.3712,0.2748
1303496,57061.0600,r,22.9052,0.2634
1303496,57066.0450,r,23.6351,0.3476
1303496,57067.0990,r,23.8455,0.2231
1306059,56943.2580,r,24.7965,0.2604
1306059,56943.2730,i,24.9010,0.2451
1306059,56949.1330,r,24.3652,0.2363
1306059,56949.1500,i,24.0518,0.1028
1306059,56960.2840,r,23.3950,0.0845
1306059,56961.2050,z,23.3914,0.1359
1306059,56966.1490,z,23.0282,0.1662
1306059,56973.0500,i,23.4520,0.0583
1306059,56973.0870,g,25.4250,0.2857
1306059,56973.0950,r,23.7120,0.0491
1306059,56973.1960,z,23.4814,0.0729
1306059,56980.0880,r,24.1289,0.0733
1306059,56980.1040,i,23.6290,0.0640
1306059,56980.1280,z,23.6471,0.0867
1306059,56987.0940,r,24.7237,0.1230
1306059,56987.1090,i,23.9552,0.0809
1306059,56987.1330,z,23.8465,0.1034
1306059,56990.0940,r,24.8845,0.3102
1306059,56990.1290,z,23.9713,0.1514
1306059,57001.0600,r,25.5208,0.2457
1306059,57001.0750,i,25.3644,0.3188
1306059,57001.0990,z,24.2945,0.1886
1306059,57005.1430,z,24.3614,0.2860
1306059,57019.0990,z,24.6094,0.2977
1306059,57039.0410,i,24.7846,0.2558
1306366,57276.3820,g,21.6648,0.0229
1306366,57276.3840,r,21.5354,0.0340
1306366,57276.3860,i,21.4079,0.0378
1306366,57276.3870,z,21.4180,0.0643
1306366,57283.2600,g,21.2993,0.0137
1306366,57283.2620,r,21.0934,0.0145
1306366,57283.2650,i,21.1803,0.0189
1306366,57283.2670,z,21.3325,0.0274
1306366,57299.2040,g,22.3322,0.0894
1306366,57299.2070,r,21.6744,0.0669
1306366,57303.1840,i,21.8122,0.0566
1306366,57303.1850,z,22.3419,0.2230
1306366,57304.2540,g,22.8424,0.1674
1306366,57304.2570,r,21.9244,0.0909
1306366,57304.2590,i,21.9310,0.0889
1306366,57304.2600,z,22.1789,0.2555
1306366,57305.2650,g,22.9815,0.1262
1306366,57305.2670,r,21.7955,0.0394
1306366,57305.2690,i,21.8722,0.0444
1306366,57305.2700,z,21.9906,0.0842
1306366,57318.1800,r,22.5477,0.1345
1306366,57318.1820,i,22.0531,0.0859
1306366,57318.1840,z,21.9138,0.0991
1306366,57345.2430,r,23.2564,0.1280
1306366,57345.2450,i,23.4987,0.2324
1306366,57345.2460,z,23.3095,0.3465
1306366,57365.1230,r,23.8891,0.1214
1306366,57365.1250,i,23.8806,0.1449
1306366,57372.1150,r,24.0579,0.1927
1306366,57372.1180,i,24.1289,0.2974
1306366,57385.0780,g,25.2230,0.3571
1306366,57385.0800,r,24.2435,0.1874
1306366,57385.0820,i,24.6809,0.3572
1306366,57394.0440,r,24.5173,0.3418
1306423,57276.3840,r,22.5419,0.0958
1306423,57276.3860,i,22.5698,0.1245
1306423,57276.3890,z,22.8394,0.1866
1306423,57283.2620,r,22.6778,0.0676
1306423,57283.2650,i,22.5914,0.0729
1306423,57283.2670,z,22.6015,0.0920
1306423,57287.3390,r,22.9508,0.1173
1306423,57287.3420,i,22.8548,0.1440
1306423,57305.2690,i,23.8055,0.2929
1306423,57305.2720,z,23.8379,0.3053
1306423,57327.1240,i,24.1903,0.3394
1306423,57331.1660,r,24.1205,0.2934
1306423,57331.1680,i,23.8175,0.2845
1306423,57331.1710,z,23.6687,0.3165
1306423,57345.2470,z,23.5283,0.3054
1306423,57365.1230,r,24.8020,0.3108
1306423,57365.1280,z,24.3395,0.3046
1306423,57385.0850,z,24.0375,0.2848
1306991,57273.0930,g,23.9535,0.3318
1306991,57273.0960,r,23.1234,0.1950
1306991,57277.0840,g,23.0632,0.1152
1306991,57277.0860,r,22.5151,0.0901
1306991,57277.0880,i,22.7723,0.1635
1306991,57283.0910,g,22.6969,0.2237
1306991,57283.0940,r,22.0084,0.1661
1306991,57283.0960,i,21.9882,0.1197
1306991,57283.0990,z,22.1236,0.2129
1306991,57287.0640,z,21.9997,0.1768
1306991,57288.0600,z,22.3888,0.3279
1306991,57290.0510,r,21.8436,0.1901
1306991,57290.0560,z,22.5701,0.3107
1306991,57297.0320,r,22.1451,0.1059
1306991,57297.0340,i,22.1954,0.1741
1306991,57301.0330,g,23.4340,0.3613
1306991,57301.0350,r,22.3988,0.2266
1306991,57301.0400,z,22.7807,0.2961
1306991,57305.0510,g,23.8037,0.2533
1306991,57305.0530,r,23.0717,0.2050
1306991,57305.0550,i,22.5229,0.1787
1306991,57311.0090,r,23.1639,0.1811
1306991,57311.0110,i,22.5549,0.1527
1306991,57315.1540,i,22.6945,0.1792
1306991,57316.0080,r,22.9906,0.2418
1306991,57316.0100,i,22.9254,0.2979
1306991,57325.0250,r,24.1260,0.3186
1306991,57325.0270,i,23.0632,0.1766
1306991,57329.0190,i,23.6077,0.3408
1306991,57334.1920,i,23.1812,0.1395
1306991,57334.1950,z,23.5386,0.2437
1306991,57339.0230,i,23.3265,0.3089
1306991,57344.0380,i,23.2861,0.1925
1310396,56973.0730,g,23.5493,0.0967
1310396,56973.0750,r,23.4027,0.1143
1310396,56973.0770,i,23.4841,0.1555
1310396,56973.0780,z,23.2972,0.2603
1310396,56980.0660,g,21.9043,0.0198
1310396,56980.0680,r,21.9313,0.0292
1310396,56980.0700,i,22.1599,0.0590
1310396,56980.0720,z,22.1608,0.0718
1310396,56987.0710,g,21.5938,0.0182
1310396,56987.0730,r,21.5853,0.0225
1310396,56987.0750,i,21.7002,0.0316
1310396,56987.0770,z,22.1001,0.0590
1310396,56990.0710,g,21.4451,0.1347
1310396,56990.0740,r,21.4795,0.1454
1310396,56990.0800,z,21.8596,0.1123
1310396,56992.0610,g,21.7188,0.0653
1310396,56992.0640,r,21.5400,0.0395
1310396,56992.0660,i,21.5997,0.0401
1310396,56992.0680,z,22.0653,0.0681
1310396,57001.2260,g,22.3823,0.1705
1310396,57001.2280,r,21.8990,0.0732
1310396,57001.2300,i,21.8424,0.0576
1310396,57001.2320,z,22.1893,0.1011
1310396,57005.0720,g,22.6078,0.0637
1310396,57005.0740,r,21.8957,0.0361
1310396,57005.0760,i,22.1796,0.0804
1310396,57005.0790,z,22.6448,0.1519
1310396,57012.0540,g,23.4728,0.2204
1310396,57012.0560,r,22.3490,0.0944
1310396,57012.0580,i,22.4750,0.1207
1310396,57012.0610,z,22.9123,0.2074
1310396,57014.0560,g,23.6487,0.1307
1310396,57014.0580,r,22.4978,0.0537
1310396,57014.0600,i,22.3946,0.0608
1310396,57014.0630,z,23.0327,0.1465
1310396,57019.0870,r,22.6851,0.1176
1310396,57019.0890,i,22.4676,0.0855
1310396,57019.0910,z,22.9580,0.1578
1310396,57026.0960,i,22.8181,0.1579
1310396,57026.0980,z,22.9554,0.1656
1310396,57033.0420,r,23.6916,0.2061
1310396,57033.0440,i,22.9574,0.1317
1310396,57033.0470,z,22.7374,0.1281
1310396,57040.0490,r,23.8276,0.2017
1310396,57040.0520,i,23.2588,0.1422
1310396,57045.0480,r,23.9520,0.3169
1310396,57052.0420,z,23.7583,0.3089
1311631,56980.0520,g,24.7283,0.2614
1311631,56980.0540,r,23.5401,0.1211
1311631,56980.0560,i,23.4855,0.1840
1311631,56987.0570,g,24.6795,0.3079
1311631,56987.0590,r,23.3648,0.1284
1311631,56987.0610,i,23.1372,0.1498
1311631,56987.0640,z,23.1248,0.2035
1311631,56990.0620,i,23.2321,0.3584
1311631,57001.0390,r,23.5110,0.1234
1311631,57001.0410,i,23.4118,0.1689
1311631,57001.0440,z,23.2199,0.1936
1311631,57005.0370,r,23.6453,0.1859
1311631,57005.0390,i,23.6762,0.2344
1312164,56656.0490,r,23.9955,0.1542
1312164,56656.0510,i,24.2795,0.2667
1312164,56656.0540,z,24.1048,0.3207
1312164,56667.0460,g,23.7974,0.3086
1312164,56667.0480,r,22.9720,0.1239
1312164,56667.0500,i,23.2516,0.1924
1312164,56667.0520,z,23.2629,0.2748
1312164,56675.0600,r,22.8973,0.1813
1312164,56675.0620,i,23.0588,0.2114
1312164,56675.0650,z,23.0622,0.2409
1312164,56682.0560,r,23.3597,0.1468
1312164,56682.0610,z,23.3676,0.2932
1312164,56687.0560,r,23.5474,0.2055
1312164,56687.0580,i,23.1827,0.1971
1312164,56695.0330,r,23.8602,0.3476
1312164,56695.0350,i,23.8792,0.3413
1312164,56695.0380,z,23.4814,0.3169
1312213,56973.1290,g,24.2691,0.2031
1312213,56973.1310,r,23.1987,0.0931
1312213,56973.1330,i,23.2756,0.1277
1312213,56973.1360,z,23.5467,0.2086
1312213,56980.1920,g,24.2835,0.1627
1312213,56980.1950,r,22.9672,0.0660
1312213,56980.1970,i,22.7226,0.0848
1312213,56980.2000,z,23.2148,0.1760
1312213,56987.1930,g,24.5020,0.2537
1312213,56987.1960,r,23.2792,0.1010
1312213,56987.1980,i,22.9284,0.1042
1312213,56990.1960,r,23.3617,0.1404
1312213,56990.1990,i,23.4438,0.2194
1312213,57001.1670,z,23.4393,0.2707
1312213,57012.0720,i,23.7578,0.2628
1312213,57012.0750,z,23.4935,0.2552
1315910,56987.0280,g,24.4836,0.2824
1315910,56987.0300,r,24.1597,0.2388
1315910,56987.0330,i,24.2191,0.3527
1315910,56992.0330,g,23.5707,0.3446
1315910,56992.0350,r,23.4364,0.2057
1315910,56992.0370,i,23.4455,0.2164
1315910,56992.0390,z,23.5108,0.2832
1315910,57002.0370,g,24.3094,0.2863
1315910,57002.0390,r,23.0784,0.0947
1315910,57002.0410,i,22.9579,0.1173
1315910,57002.0440,z,23.1496,0.1758
1315910,57011.0420,g,24.4839,0.2693
1315910,57011.0450,r,23.4400,0.1018
1315910,57011.0470,i,23.1952,0.1072
1315910,57011.0490,z,23.1216,0.1344
1315910,57016.1070,r,23.5990,0.1392
1315910,57016.1090,i,23.7037,0.2286
1315910,57030.0480,i,23.8448,0.2743
1315910,57030.0510,z,23.6820,0.3251
1316385,56980.2160,r,25.3402,0.3077
1316385,57001.1750,g,22.0514,0.0486
1316385,57001.1990,i,22.4758,0.0479
1316385,57001.2370,z,22.7086,0.1303
1316385,57001.3040,r,22.3599,0.2546
1316385,57001.3060,i,22.2673,0.1749
1316385,57005.2410,g,20.9327,0.0167
1316385,57005.2500,r,21.0531,0.0112
1316385,57008.0400,i,20.7228,0.0095
1316385,57008.0670,z,20.9543,0.0190
1316385,57008.1110,g,20.3399,0.0069
1316385,57008.1130,r,20.4924,0.0097
1316385,57008.1150,i,20.7167,0.0199
1316385,57008.1180,z,21.0204,0.0270
1316385,57012.0820,g,19.8637,0.0047
1316385,57012.0840,r,20.0402,0.0069
1316385,57012.0860,i,20.2767,0.0116
1316385,57012.0890,z,20.5439,0.0169
1316385,57012.1900,g,19.8741,0.0067
1316385,57012.2020,r,20.0244,0.0074
1316385,57012.2190,i,20.2691,0.0084
1316385,57012.2420,z,20.5001,0.0195
1316385,57018.0710,g,19.6339,0.0080
1316385,57018.0730,r,19.7378,0.0093
1316385,57018.0750,i,20.0993,0.0215
1316385,57018.0780,z,20.3834,0.0250
1316385,57018.1820,g,19.6528,0.0052
1316385,57018.1930,r,19.7455,0.0036
1316385,57018.2100,i,20.1283,0.0078
1316385,57019.0700,g,19.6536,0.0084
1316385,57019.0720,r,19.7304,0.0082
1316385,57019.0750,i,20.1143,0.0145
1316385,57019.0770,z,20.4184,0.0227
1316385,57019.1480,z,20.3898,0.0120
1316385,57025.1400,r,19.7324,0.0077
1316385,57025.1560,i,20.1047,0.0091
1316385,57026.1660,g,19.8332,0.0280
1316385,57026.1690,r,19.7441,0.0166
1316385,57026.1710,i,20.1616,0.0225
1316385,57026.1740,z,20.5982,0.0300
1316385,57029.0560,g,20.0100,0.0117
1316385,57032.1040,r,19.9633,0.0042
1316385,57032.1210,i,20.4119,0.0082
1316385,57033.1140,z,20.8928,0.0186
1316385,57033.1610,g,20.3550,0.0148
1316385,57033.1640,r,19.9976,0.0093
1316385,57033.1660,i,20.4873,0.0219
1316385,57033.1680,z,20.9751,0.0416
1316385,57034.1600,g,20.4378,0.0090
1316385,57039.0730,r,20.3359,0.0045
1316385,57039.0890,i,20.6387,0.0093
1316385,57040.1260,z,20.9034,0.0136
1316385,57040.1750,g,21.0164,0.0120
1316385,57040.1770,r,20.3729,0.0086
1316385,57040.1790,i,20.6350,0.0194
1316385,57040.1820,z,20.9541,0.0295
1316385,57041.0680,g,21.1134,0.0078
1316385,57044.1160,r,20.5124,0.0054
1316385,57044.1460,i,20.6643,0.0103
1316385,57047.0390,z,20.8118,0.0150
1316385,57047.0860,g,21.5805,0.0249
1316385,57047.0890,r,20.6172,0.0123
1316385,57047.0910,i,20.6587,0.0202
1316385,57047.0940,z,20.8642,0.0284
1316385,57048.0360,g,21.6551,0.0374
1316385,57051.1040,r,20.7851,0.0117
1316385,57051.1200,i,20.7347,0.0123
1316385,57054.0340,g,22.1487,0.1398
1316385,57054.0360,r,20.8863,0.0353
1316385,57054.0380,i,20.8192,0.0310
1316385,57061.0410,r,21.2235,0.0366
1316385,57061.0740,i,21.0851,0.0249
1316385,57061.0940,z,20.9650,0.0259
1316385,57061.1420,g,22.6032,0.2375
1316385,57061.1450,r,21.2376,0.0622
1316385,57061.1470,i,21.0748,0.0553
1316385,57061.1490,z,21.0270,0.0460
1316385,57063.0330,g,22.5144,0.0381
1316385,57066.0300,g,22.6066,0.1338
1316385,57066.0320,r,21.4512,0.0518
1316385,57066.0340,i,21.4617,0.0775
1316385,57066.0360,z,21.3090,0.0849
1316385,57066.0640,r,21.4679,0.0195
1316385,57067.0480,z,21.3460,0.0391
1317164,57248.4190,g,24.0900,0.3263
1317164,57248.4210,r,22.7939,0.1504
1317164,57248.4260,z,22.3086,0.1877
1317164,57286.2100,g,22.3812,0.0648
1317164,57286.2130,r,22.1643,0.0706
1317164,57286.2150,i,21.5355,0.0707
1317164,57286.2170,z,20.9348,0.0670
1317164,57288.1730,i,21.4001,0.3326
1317164,57288.1760,z,22.0487,0.1858
1317164,57297.1590,g,20.7387,0.0612
1317164,57297.1610,r,20.8842,0.1731
1317164,57297.1630,i,20.6014,0.0741
1317164,57297.1660,z,21.0896,0.0850
1317164,57301.2800,g,20.9796,0.0255
1317164,57301.2840,i,20.7628,0.0662
1317164,57301.2860,z,21.2095,0.1141
1317164,57305.2790,g,21.4163,0.0199
1317164,57305.2810,r,20.8427,0.0163
1317164,57305.2830,i,21.0293,0.0230
1317164,57305.2860,z,21.4874,0.0376
1317164,57311.1060,g,22.1454,0.0450
1317164,57311.1090,r,21.1835,0.0262
1317164,57311.1110,i,21.1996,0.0410
1317164,57311.1140,z,21.5643,0.0701
1317164,57315.1780,g,22.6631,0.0873
1317164,57315.1810,r,21.4700,0.0401
1317164,57315.1830,i,21.3093,0.0443
1317164,57315.1850,z,21.5100,0.0826
1317164,57319.2760,g,22.4911,0.1585
1317164,57319.2780,r,21.4388,0.0820
1317164,57319.2810,i,21.4087,0.0782
1317164,57319.2830,z,21.5363,0.0821
1317164,57325.0680,g,23.1178,0.2083
1317164,57325.0710,r,22.2313,0.1009
1317164,57325.0730,i,21.9907,0.0917
1317164,57325.0750,z,21.7468,0.0910
1317164,57329.0570,g,23.6131,0.1390
1317164,57329.0590,r,22.4769,0.0787
1317164,57329.0620,i,22.2117,0.0864
1317164,57329.0640,z,22.2033,0.1053
1317164,57339.0330,g,23.8321,0.2261
1317164,57339.0350,r,22.7766,0.1249
1317164,57339.0370,i,22.4818,0.1253
1317164,57339.0400,z,22.6839,0.1852
1317164,57344.2130,g,23.9820,0.1701
1317164,57344.2160,r,22.8350,0.0746
1317164,57344.2180,i,22.7744,0.1136
1317164,57344.2200,z,22.9879,0.1865
1317164,57355.1560,g,23.8451,0.3214
1317164,57355.1590,r,23.3382,0.1860
1317164,57355.1610,i,23.2772,0.1659
1317164,57355.1640,z,23.0915,0.1795
1317164,57365.0510,g,24.3000,0.3061
1317164,57365.0540,r,23.4497,0.1473
1317164,57365.0560,i,23.4950,0.1571
1317164,57365.0590,z,23.6284,0.2270
1317164,57372.0460,g,24.3150,0.2967
1317164,57372.0480,r,23.6130,0.1653
1317164,57372.0510,i,23.6443,0.2375
1317164,57379.0580,g,22.5790,0.2981
1317164,57388.0450,r,23.7115,0.2438
1317164,57388.0470,i,24.0586,0.3451
1317164,57395.0940,g,23.9512,0.2459
1317164,57402.0510,r,24.4271,0.3242
1317612,56957.0080,r,22.9701,0.1834
1317612,57002.0370,g,20.9345,0.0135
1317612,57002.0390,r,20.8318,0.0129
1317612,57002.0410,i,20.8585,0.0176
1317612,57002.0420,z,21.2053,0.0431
1317612,57011.0420,g,19.4420,0.0029
1317612,57011.0450,r,19.4653,0.0032
1317612,57011.0480,z,19.9332,0.0108
1317612,57016.1050,g,19.4246,0.0029
1317612,57016.1070,r,19.3267,0.0032
1317612,57025.0430,g,19.9861,0.0210
1317612,57025.0460,r,19.6968,0.0117
1317612,57025.0480,i,20.2714,0.0207
1317612,57025.0500,z,20.4183,0.0226
1317612,57030.0460,r,19.9105,0.0067
1317612,57030.0480,i,20.3110,0.0113
1317612,57037.0600,g,21.2661,0.0148
1317612,57037.0630,r,20.2572,0.0080
1317612,57044.0440,g,21.9459,0.0522
1317612,57044.0470,r,20.6327,0.0153
1317612,57044.0490,i,20.3940,0.0155
1317612,57044.0510,z,20.4296,0.0228
1317612,57051.0360,g,22.2888,0.1282
1317612,57051.0380,r,21.0722,0.0289
1317612,57051.0400,i,20.8509,0.0246
1317612,57051.0430,z,20.7976,0.0269
1317612,57248.4030,g,23.1008,0.1355
1317612,57248.4060,r,22.6823,0.1385
1317612,57248.4080,i,22.5460,0.1766
1317612,57248.4090,z,21.5461,0.1322
1317612,57252.2290,g,24.1933,0.2328
1317612,57256.2110,r,22.5431,0.1161
1317612,57265.2140,i,23.3855,0.3606
1317612,57273.0930,g,23.1332,0.1506
1317612,57273.0960,r,23.2390,0.1958
1317612,57273.0990,z,22.2417,0.2630
1317612,57277.0840,g,24.2273,0.3223
1317612,57287.0640,z,22.3193,0.2125
1317612,57288.0600,z,21.2584,0.0948
1317612,57297.0300,g,24.0996,0.3322
1317612,57297.0350,z,22.0147,0.2874
1317666,57283.1890,i,23.6249,0.1089
1317666,57283.2150,z,23.8740,0.1269
1317666,57287.1800,g,22.0607,0.0937
1317666,57287.2380,r,21.9518,0.0219
1317666,57287.2620,i,21.8114,0.0238
1317666,57287.2910,z,21.9926,0.0364
1317666,57291.2360,r,21.0446,0.0211
1317666,57291.2530,z,21.1424,0.0146
1317666,57297.2580,r,20.4278,0.0120
1317666,57297.2740,i,20.5077,0.0100
1317666,57297.2960,z,20.7052,0.0137
1317666,57301.2920,r,20.2913,0.0151
1317666,57302.1410,z,20.7790,0.0105
1317666,57302.3050,g,20.3060,0.0074
1317666,57303.2310,g,20.3554,0.0055
1317666,57305.2920,r,20.2555,0.0088
1317666,57305.3040,i,20.5245,0.0132
1317666,57311.1200,r,20.5103,0.0052
1317666,57311.1350,i,20.7958,0.0066
1317666,57311.1600,z,21.2314,0.0108
1317666,57315.2410,r,20.7213,0.0227
1317666,57316.1010,i,21.1726,0.0375
1317666,57317.0990,z,21.4734,0.0199
1317666,57317.0990,z,21.4734,0.0199
1317666,57317.0990,z,21.4734,0.0199
1317666,57317.0990,z,21.4734,0.0199
1317666,57319.1160,r,20.9205,0.0229
1317666,57319.2900,g,21.6164,0.0672
1317666,57319.2900,g,21.6164,0.0672
1317666,57319.2900,g,21.6164,0.0672
1317666,57319.2900,g,21.6164,0.0672
1317666,57325.0810,i,21.1756,0.0447
1317666,57325.0810,i,21.1756,0.0447
1317666,57325.0810,i,21.1756,0.0447
1317666,57325.0810,i,21.1756,0.0447
1317666,57327.1830,r,21.2629,0.0095
1317666,57329.1160,z,21.3223,0.0183
1317666,57331.1450,r,21.4597,0.0104
1317666,57339.0470,i,21.5922,0.0222
1317666,57339.0730,z,21.4972,0.0256
1317666,57339.1770,g,23.1575,0.0511
1317666,57339.1850,r,21.8875,0.0130
1317666,57345.1350,i,21.9608,0.0233
1317666,57345.1630,z,21.8205,0.0237
1317666,57346.0380,g,23.2961,0.1209
1317666,57355.1700,r,22.4525,0.0363
1317666,57355.1860,i,22.3658,0.0322
1317666,57356.1090,g,23.5172,0.0467
1317666,57365.0650,r,22.6682,0.0186
1317666,57365.0810,i,22.6727,0.0238
1317666,57366.0670,g,23.8009,0.0694
1317666,57372.0590,r,22.8700,0.0409
1317666,57372.0760,i,22.8893,0.0442
1317666,57373.0640,g,24.0157,0.1229
1317666,57373.0740,z,23.0732,0.0731
1317666,57376.0970,r,22.6166,0.1954
1317666,57385.0400,i,23.3380,0.0667
1317666,57386.0560,g,23.8934,0.0810
1317666,57387.0460,z,23.5477,0.1071
1317666,57389.0860,i,23.5759,0.1309
1317666,57394.0710,g,23.9969,0.1046
1317666,57394.0800,r,23.2727,0.0469
1317666,57396.0730,i,23.6402,0.1006
1317666,57400.1150,g,24.1297,0.1612
1317666,57402.0620,z,24.0384,0.1350
1317666,57403.0730,i,23.8606,0.1557
1317666,57406.1000,r,23.7272,0.3329
1318737,56960.2610,i,21.3211,0.1508
1318737,56980.2000,z,22.8826,0.2193
1318737,57001.1620,r,21.8125,0.0943
1318737,57001.1650,i,22.6921,0.2434
1318737,57001.1670,z,22.3957,0.1736
1318737,57005.2000,g,20.1975,0.0200
1318737,57005.2030,r,20.0457,0.0178
1318737,57005.2050,i,20.5162,0.0474
1318737,57005.2080,z,20.1486,0.0290
1318737,57012.0670,g,18.9990,0.0051
1318737,57012.0700,r,19.0056,0.0049
1318737,57012.0720,i,19.3210,0.0094
1318737,57012.0750,z,19.5763,0.0119
1318737,57018.0560,g,18.9086,0.0087
1318737,57018.0610,i,19.1194,0.0180
1318737,57018.0640,z,19.3211,0.0241
1318737,57019.0560,g,18.9707,0.0107
1318737,57019.0580,r,18.6450,0.0063
1318737,57019.0600,i,19.1944,0.0126
1318737,57019.0630,z,19.4483,0.0144
1318737,57026.1520,g,19.3120,0.0424
1318737,57026.1540,r,18.8442,0.0134
1318737,57026.1560,i,19.3956,0.0188
1318737,57026.1590,z,19.6071,0.0171
1318737,57033.1000,g,20.1360,0.0115
1318737,57033.1030,r,19.2064,0.0054
1318737,57033.1050,i,19.7779,0.0158
1318737,57033.1080,z,19.6477,0.0150
1318737,57040.1160,r,19.3118,0.0055
1318737,57040.1180,i,19.6012,0.0106
1318737,57045.1060,g,21.1882,0.0427
1318737,57045.1090,r,19.5187,0.0104
1318737,57045.1110,i,19.5236,0.0161
1318737,57045.1130,z,19.6026,0.0189
1318737,57052.0960,g,20.9416,0.1084
1318737,57052.0980,r,19.9933,0.0291
1318737,57052.1000,i,19.9185,0.0261
1318737,57269.2550,g,20.7096,0.3454
1318737,57276.3840,r,22.8642,0.2422
1318737,57297.2020,g,20.3353,0.3442
1318737,57299.2090,i,21.9914,0.2769
1318737,57303.1870,z,22.2263,0.2671
1319614,57001.3090,z,22.7227,0.2898
1319614,57008.1110,g,23.4951,0.0792
1319614,57008.1130,r,22.8153,0.0550
1319614,57008.1150,i,22.4717,0.0606
1319614,57008.1180,z,22.7172,0.0899
1319614,57012.0820,g,23.5822,0.0844
1319614,57012.0840,r,22.8095,0.0580
1319614,57012.0860,i,22.4795,0.0552
1319614,57012.0890,z,22.6057,0.0801
1319614,57018.0710,g,24.0180,0.3122
1319614,57018.0730,r,22.8557,0.1086
1319614,57018.0750,i,22.6608,0.1341
1319614,57018.0780,z,22.6867,0.1519
1319614,57019.0700,g,23.8275,0.2678
1319614,57019.0720,r,22.8954,0.1070
1319614,57019.0750,i,22.5850,0.0848
1319614,57019.0770,z,22.6626,0.1140
1319614,57026.1690,r,23.1152,0.2578
1319614,57026.1710,i,23.2112,0.2384
1319614,57026.1740,z,22.8512,0.1598
1319614,57033.1640,r,24.0481,0.2512
1319614,57033.1660,i,23.1513,0.1549
1319614,57033.1690,z,23.0910,0.1998
1319614,57040.1770,r,24.4802,0.2524
1319614,57040.1790,i,23.6958,0.1908
1319614,57040.1820,z,23.2839,0.1738
1319614,57047.0910,i,23.7382,0.2044
1319614,57047.0930,z,23.2296,0.1727
1321276,57005.0950,r,24.7161,0.2118
1321276,57005.1100,i,24.3415,0.2118
1321276,57012.0960,g,22.7311,0.0368
1321276,57012.1050,r,22.7110,0.0289
1321276,57012.1210,i,22.6043,0.0396
1321276,57012.1500,z,22.8212,0.1076
1321276,57018.0990,g,22.2548,0.0277
1321276,57018.1310,r,22.1174,0.0249
1321276,57018.1520,i,22.0646,0.0357
1321276,57019.0990,z,22.2592,0.0431
1321276,57025.1000,r,21.9826,0.0561
1321276,57025.1160,i,21.9149,0.0391
1321276,57032.0650,r,22.1126,0.0208
1321276,57032.0800,i,22.0954,0.0306
1321276,57036.0420,g,23.0559,0.0489
1321276,57038.1180,r,22.4260,0.0231
1321276,57039.0410,i,22.3424,0.0333
1321276,57042.0640,g,23.4363,0.0804
1321276,57044.0760,r,22.7143,0.0452
1321276,57045.0620,z,23.1752,0.1398
1321276,57052.0470,z,22.9365,0.0698
1323349,57287.2380,r,23.3691,0.0862
1323349,57287.2610,i,24.4879,0.3076
1323349,57287.2900,z,23.9980,0.2290
1323349,57291.2360,r,23.7459,0.2771
1323349,57291.2520,z,23.5994,0.1310
1323349,57297.2580,r,23.2075,0.1713
1323349,57297.2730,i,23.2656,0.1206
1323349,57297.2960,z,23.2648,0.1445
1323349,57301.2920,r,23.2435,0.2445
1323349,57302.1400,z,23.1563,0.0932
1323349,57302.3050,g,23.9320,0.2167
1323349,57303.2310,g,24.2193,0.1831
1323349,57305.2920,r,22.9950,0.1193
1323349,57305.3040,i,23.2139,0.1600
1323349,57311.1200,r,23.1364,0.0628
1323349,57311.1370,i,23.2380,0.0565
1323349,57311.1600,z,23.0889,0.0624
1323349,57315.2410,r,23.5421,0.3226
1323349,57316.1000,i,23.5769,0.3569
1323349,57317.0990,z,23.4619,0.1216
1323349,57317.0990,z,23.4619,0.1216
1323349,57317.0990,z,23.4619,0.1216
1323349,57317.0990,z,23.4619,0.1216
1323349,57319.1160,r,23.7996,0.3200
1323349,57327.1830,r,24.9073,0.2888
1323349,57329.1160,z,23.7139,0.1710
1323349,57331.1450,r,25.0975,0.3209
1323349,57339.0730,z,23.9800,0.2391
1323349,57345.1350,i,24.4352,0.2360
1323349,57345.1620,z,24.1998,0.2027
1323349,57355.1860,i,24.6111,0.2648
1323349,57365.0810,i,25.4520,0.3341
1324685,57025.1560,i,24.7197,0.3134
1324685,57026.0440,z,24.2160,0.1990
1324685,57029.0560,g,24.4045,0.3575
1324685,57032.1040,r,23.3084,0.0462
1324685,57032.1210,i,23.4241,0.0652
1324685,57033.1140,z,23.2225,0.0669
1324685,57034.1600,g,23.9155,0.1150
1324685,57039.0730,r,22.8781,0.0233
1324685,57039.0890,i,22.9913,0.0412
1324685,57040.1260,z,22.9639,0.0353
1324685,57041.0680,g,23.8803,0.0489
1324685,57044.1160,r,22.8346,0.0238
1324685,57044.1450,i,22.9280,0.0430
1324685,57047.0400,z,22.9206,0.0426
1324685,57051.1040,r,23.0510,0.0456
1324685,57051.1200,i,23.0465,0.0505
1324685,57053.0430,z,23.0030,0.0631
1324685,57061.0410,r,23.5502,0.2003
1324685,57061.0730,i,23.3071,0.1003
1324685,57061.0950,z,23.4731,0.1116
1324685,57063.0330,g,25.4847,0.3296
1324685,57066.0640,r,24.1102,0.1222
1324685,57067.0460,z,23.5013,0.1186
1324938,57018.0610,i,22.3482,0.2109
1324938,57018.0640,z,21.8857,0.1768
1324938,57033.1000,g,22.1526,0.0320
1324938,57033.1030,r,22.3454,0.0526
1324938,57033.1050,i,22.4098,0.0962
1324938,57033.1070,z,22.6301,0.1583
1324938,57040.1130,g,21.9063,0.0233
1324938,57040.1160,r,21.9119,0.0335
1324938,57040.1180,i,21.9606,0.0520
1324938,57040.1200,z,22.1117,0.0775
1324938,57045.1060,g,22.0688,0.0464
1324938,57045.1090,r,22.0003,0.0620
1324938,57045.1110,i,21.8889,0.0804
1324938,57045.1130,z,22.0199,0.1211
1324938,57052.0960,g,22.6833,0.2490
1324938,57052.0980,r,22.0606,0.1258
1324938,57052.1000,i,22.0294,0.1069
1324938,57297.2020,g,21.1295,0.2848
1324938,57303.1870,z,22.2863,0.1943
1330031,57291.0790,g,22.4366,0.3174
1330031,57297.0450,r,22.5846,0.1366
1330031,57297.0480,i,22.5805,0.2078
1330031,57297.0500,z,22.7931,0.3505
1330031,57301.0460,g,20.6733,0.0157
1330031,57301.0490,r,20.8602,0.0380
1330031,57301.0510,i,20.9972,0.0769
1330031,57301.0520,z,20.9706,0.0874
1330031,57305.0640,g,19.5914,0.0065
1330031,57305.0660,r,19.7947,0.0125
1330031,57305.0680,i,19.9323,0.0201
1330031,57305.0710,z,20.1726,0.0352
1330031,57311.0200,g,19.0237,0.0028
1330031,57311.0230,r,19.2162,0.0046
1330031,57311.0250,i,19.5607,0.0087
1330031,57311.0280,z,19.7966,0.0131
1330031,57315.1630,g,18.9701,0.0039
1330031,57315.1660,r,19.0960,0.0066
1330031,57315.1680,i,19.6256,0.0149
1330031,57325.0120,r,19.3958,0.0045
1330031,57325.0140,i,20.0166,0.0110
1330031,57325.0170,z,20.2823,0.0174
1330031,57329.0280,g,19.7274,0.0040
1330031,57329.0310,r,19.6147,0.0057
1330031,57329.0350,z,20.4247,0.0226
1330031,57334.2240,g,20.2153,0.0072
1330031,57334.2260,r,19.8395,0.0061
1330031,57334.2280,i,20.3890,0.0113
1330031,57334.2310,z,20.4808,0.0161
1330031,57340.0630,g,20.7593,0.0092
1330031,57340.0660,r,20.0295,0.0061
1330031,57340.0680,i,20.2726,0.0101
1330031,57340.0700,z,20.4033,0.0146
1330031,57342.0210,g,20.9328,0.0100
1330031,57342.0240,r,20.1050,0.0067
1330031,57342.0260,i,20.1689,0.0533
1330031,57342.0280,z,20.3913,0.0176
1330031,57347.0760,g,21.2566,0.0343
1330031,57347.0790,r,20.3088,0.0173
1330031,57347.0810,i,20.2545,0.0132
1330031,57347.0830,z,20.3562,0.0152
1330031,57356.1200,g,21.8171,0.0215
1330031,57356.1220,r,20.8076,0.0102
1330031,57356.1250,i,20.7792,0.0137
1330031,57356.1270,z,20.7398,0.0140
1330031,57366.0390,g,22.0323,0.0285
1330031,57366.0410,r,21.1284,0.0152
1330031,57366.0430,i,21.2241,0.0235
1330031,57366.0450,z,21.3173,0.0333
1330031,57373.0360,g,22.2052,0.1063
1330031,57373.0380,r,21.2312,0.0357
1330031,57373.0400,i,21.4644,0.0571
1330031,57373.0420,z,21.6589,0.0685
1330031,57385.0920,g,22.3158,0.0525
1330031,57385.0950,r,21.6378,0.0319
1330031,57385.0970,i,21.9384,0.0528
1330031,57385.1000,z,22.2392,0.0848
1330031,57389.0570,g,22.4893,0.0569
1330031,57389.0600,r,21.7613,0.0329
1330031,57389.0620,i,22.0401,0.0657
1330031,57389.0640,z,22.5710,0.1619
1330031,57396.0440,g,22.5238,0.0748
1330031,57396.0470,r,21.9743,0.0446
1330031,57396.0490,i,22.2608,0.0814
1330031,57396.0510,z,22.6850,0.1690
1330031,57403.0450,g,22.5636,0.0890
1330031,57403.0470,r,22.0301,0.0484
1330031,57403.0490,i,22.4780,0.0892
1330031,57403.0520,z,23.2367,0.2134
1330817,57299.2180,g,22.3708,0.1222
1330817,57299.2200,r,22.2939,0.1404
1330817,57299.2220,i,22.3235,0.1974
1330817,57299.2260,z,22.3296,0.2727
1330817,57303.1660,g,21.9559,0.0599
1330817,57303.1690,r,21.8600,0.0613
1330817,57303.1710,i,21.9168,0.0695
1330817,57303.1730,z,21.9065,0.0994
1330817,57304.2050,g,21.8474,0.0316
1330817,57304.2080,r,21.8322,0.0360
1330817,57304.2100,i,21.7849,0.0440
1330817,57304.2120,z,22.1366,0.1139
1330817,57311.2940,g,21.9486,0.0244
1330817,57311.2960,r,21.6471,0.0239
1330817,57311.2980,i,21.7338,0.0260
1330817,57311.3000,z,22.1768,0.0537
1330817,57315.2060,g,22.1548,0.0485
1330817,57315.2080,r,21.7695,0.0456
1330817,57315.2100,i,21.8593,0.0558
1330817,57315.2130,z,22.2320,0.1103
1330817,57319.1340,r,21.8815,0.0771
1330817,57319.1370,i,21.9367,0.0832
1330817,57319.1390,z,22.4229,0.1354
1330817,57329.1690,g,23.6955,0.1076
1330817,57329.1710,r,22.6170,0.0645
1330817,57329.1730,i,22.5070,0.0757
1330817,57329.1750,z,22.7804,0.1395
1330817,57339.1200,r,23.1559,0.1486
1330817,57339.1220,i,22.6141,0.1042
1330817,57339.1250,z,22.8330,0.1568
1330817,57345.2290,r,23.1764,0.1254
1330817,57345.2310,i,22.8700,0.1380
1330817,57345.2340,z,23.1855,0.2689
1330817,57355.2140,i,23.3633,0.1871
1330817,57355.2170,z,23.4091,0.2149
1330817,57365.1100,r,24.5129,0.2123
1330817,57365.1120,i,23.7922,0.1449
1330817,57365.1150,z,24.0109,0.2075
1330817,57372.1020,r,24.2587,0.2793
1330817,57372.1040,i,23.6764,0.1854
1330817,57385.0670,r,24.4641,0.2285
1330817,57389.1110,r,24.3430,0.2707
1330817,57389.1160,z,23.5415,0.2620
1331123,57287.0630,z,22.6612,0.2680
1331123,57288.0590,z,21.9552,0.1660
1331123,57297.0320,r,23.5280,0.3595
1331123,57305.0510,g,22.9885,0.1175
1331123,57305.0530,r,22.7821,0.1409
1331123,57305.0550,i,22.6082,0.1659
1331123,57305.0570,z,22.9371,0.3001
1331123,57311.0070,g,21.6946,0.0317
1331123,57311.0090,r,21.6534,0.0381
1331123,57311.0110,i,21.7271,0.0536
1331123,57311.0140,z,21.8963,0.0838
1331123,57315.1500,g,21.3172,0.0327
1331123,57315.1520,r,21.2378,0.0349
1331123,57315.1540,i,21.3426,0.0420
1331123,57315.1560,z,21.7034,0.0801
1331123,57316.0060,g,21.2836,0.0508
1331123,57316.0080,r,21.1457,0.0399
1331123,57316.0100,i,21.2874,0.0485
1331123,57316.0130,z,21.7129,0.0868
1331123,57325.0230,g,21.7338,0.0241
1331123,57325.0250,r,21.3625,0.0212
1331123,57325.0270,i,21.4242,0.0287
1331123,57325.0300,z,21.9977,0.0742
1331123,57329.0150,g,22.1514,0.0436
1331123,57329.0170,r,21.4793,0.0345
1331123,57329.0190,i,21.7140,0.0467
1331123,57329.0220,z,22.1158,0.0982
1331123,57334.1880,g,22.7823,0.0553
1331123,57334.1900,r,21.8370,0.0283
1331123,57334.1920,i,21.9388,0.0335
1331123,57334.1950,z,22.4678,0.0710
1331123,57339.0190,g,23.3909,0.1704
1331123,57339.0210,r,22.1698,0.0644
1331123,57339.0230,i,21.9420,0.0658
1331123,57339.0250,z,22.4669,0.1352
1331123,57344.0360,r,22.3224,0.0836
1331123,57344.0380,i,22.1754,0.0513
1331123,57344.0410,z,22.4112,0.0787
1331123,57355.1440,r,23.0843,0.1542
1331123,57355.1460,i,22.9174,0.1191
1331123,57355.1490,z,22.8717,0.1248
1331123,57365.0390,r,23.3988,0.1358
1331123,57365.0410,i,23.3795,0.1609
1331123,57365.0440,z,23.3917,0.1754
1331123,57372.0360,i,23.1656,0.1681
1331123,57372.0390,z,23.3656,0.1805
1331123,57376.0440,i,22.8362,0.2786
1331123,57376.0470,z,22.4807,0.2030
1331123,57379.0480,i,23.6008,0.2917
1331123,57386.0440,r,24.1081,0.2837
1331123,57386.0460,i,23.6798,0.2548
1331123,57394.0590,r,24.1747,0.3325
1332392,57304.1920,g,24.1751,0.2902
1332392,57304.1940,r,23.3360,0.2806
1332392,57304.1960,i,24.0578,0.3387
1332392,57311.2800,g,23.8251,0.1552
1332392,57311.2820,r,23.2175,0.1247
1332392,57311.2840,i,23.2235,0.1097
1332392,57311.2870,z,23.0765,0.1269
1332392,57315.1940,r,23.0007,0.1295
1332392,57315.1960,i,23.2126,0.1979
1332392,57315.1990,z,22.9817,0.1943
1332392,57319.2630,g,22.6999,0.3333
1332392,57319.2650,r,22.9945,0.3167
1332392,57319.2670,i,22.9171,0.2323
1332392,57319.2690,z,22.6916,0.2249
1332392,57327.0650,r,23.3829,0.1538
1332392,57327.0670,i,23.3535,0.2089
1332392,57327.0700,z,23.1879,0.2743
1332392,57331.0560,r,23.5969,0.1907
1332392,57331.0580,i,23.7347,0.2787
1332392,57331.0610,z,23.1239,0.2445
1332392,57339.1530,i,23.6203,0.2613
1332392,57345.0660,g,21.8476,0.3450
1332392,57346.0290,i,23.9702,0.3285
1332392,57346.0310,z,23.5843,0.2540
1332392,57356.0980,r,24.9102,0.3565
1332392,57356.1000,i,24.2191,0.2623
1332392,57356.1030,z,23.9158,0.2669
1332721,57286.2550,r,23.6438,0.2521
1332721,57302.3200,i,22.7841,0.2400
1332721,57311.3550,g,24.1867,0.1613
1332721,57311.3570,r,23.4533,0.1192
1332721,57311.3600,i,23.1380,0.1113
1332721,57311.3620,z,23.5741,0.2415
1332721,57315.2290,g,23.3690,0.1106
1332721,57315.2320,r,22.8948,0.1005
1332721,57315.2340,i,22.9144,0.1281
1332721,57315.2370,z,23.0156,0.1956
1332721,57319.1490,r,22.0503,0.1476
1332721,57319.1510,i,22.4164,0.1707
1332721,57319.1540,z,22.8981,0.2475
1332721,57325.1220,r,22.9895,0.2244
1332721,57325.1240,i,22.4216,0.1048
1332721,57325.1270,z,22.8944,0.1523
1332721,57329.2110,g,23.7224,0.1425
1332721,57329.2130,r,22.7205,0.0765
1332721,57329.2160,i,22.6368,0.0980
1332721,57329.2180,z,22.8995,0.1742
1332721,57332.0740,g,23.6232,0.1615
1332721,57332.0770,r,22.9001,0.0973
1332721,57332.0790,i,22.8060,0.1138
1332721,57332.0820,z,22.7391,0.1387
1332721,57339.2950,g,24.2703,0.2204
1332721,57339.2970,r,22.9274,0.0846
1332721,57339.3000,i,22.7767,0.1179
1332721,57339.3020,z,23.1301,0.2266
1332721,57345.3120,g,24.1122,0.2359
1332721,57345.3140,r,23.3686,0.1669
1332721,57345.3160,i,22.9978,0.1454
1332721,57345.3190,z,23.1345,0.2355
1332721,57355.2400,r,23.8310,0.3358
1332721,57355.2420,i,23.6339,0.2586
1332721,57365.1850,r,24.7474,0.2591
1332721,57365.1870,i,23.9208,0.1606
1332721,57365.1900,z,23.7063,0.1706
1332721,57375.0500,i,23.9198,0.3395
1332721,57401.1430,z,24.2209,0.3481
1334084,57325.1060,g,21.1655,0.2072
1334084,57325.1080,r,20.8445,0.2407
1334084,57325.1100,i,20.9526,0.1954
1334084,57325.1130,z,21.5804,0.1938
1334084,57329.1690,g,20.5801,0.0133
1334084,57329.1710,r,20.6105,0.0192
1334084,57329.1730,i,20.5571,0.0272
1334084,57329.1750,z,20.8953,0.0444
1334084,57339.1170,g,20.2813,0.0148
1334084,57339.1200,r,20.1923,0.0169
1334084,57339.1220,i,20.3813,0.0290
1334084,57339.1240,z,20.9028,0.0487
1334084,57345.2270,g,20.7079,0.0195
1334084,57345.2290,r,20.2990,0.0161
1334084,57345.2310,i,20.6029,0.0383
1334084,57345.2340,z,21.0491,0.0678
1334084,57355.2100,g,21.8013,0.1267
1334084,57355.2120,r,20.8629,0.0348
1334084,57355.2140,i,20.9140,0.0421
1334084,57355.2170,z,21.1561,0.0479
1334084,57365.1070,g,22.6275,0.0654
1334084,57365.1100,r,21.3569,0.0219
1334084,57365.1120,i,21.0241,0.0249
1334084,57365.1150,z,21.0952,0.0265
1334084,57372.1000,g,23.2318,0.1943
1334084,57372.1020,r,21.7755,0.0503
1334084,57372.1040,i,21.4452,0.0520
1334084,57372.1070,z,21.3217,0.0510
1334084,57385.0640,g,23.5994,0.1970
1334084,57385.0670,r,22.1937,0.0536
1334084,57385.0690,i,22.1828,0.0919
1334084,57385.0710,z,22.1837,0.0906
1334084,57389.1090,g,23.5800,0.2203
1334084,57389.1110,r,22.4727,0.0852
1334084,57389.1130,i,22.2707,0.1339
1334084,57389.1160,z,22.6676,0.2091
1334084,57396.0960,g,23.5171,0.2145
1334084,57396.0990,r,22.7161,0.1202
1334084,57396.1010,i,22.5294,0.1705
1334084,57396.1030,z,22.7940,0.2603
1334084,57403.0990,r,22.8862,0.2542
1334084,57403.1010,i,22.9728,0.2924
1334084,57403.1040,z,22.6823,0.2209
1334423,57318.1800,r,23.4381,0.3542
1334423,57325.2120,g,22.5473,0.2362
1334423,57325.2140,r,22.4260,0.1329
1334423,57325.2160,i,22.4139,0.1012
1334423,57325.2190,z,22.3723,0.1520
1334423,57327.1200,g,22.6387,0.0514
1334423,57327.1220,r,22.2511,0.0423
1334423,57327.1240,i,22.3748,0.0633
1334423,57327.1270,z,22.4855,0.0984
1334423,57331.1640,g,22.5242,0.0483
1334423,57331.1660,r,22.1274,0.0454
1334423,57331.1680,i,22.0265,0.0542
1334423,57331.1710,z,22.2052,0.0832
1334423,57339.1620,g,22.6416,0.0622
1334423,57339.1650,r,22.0132,0.0447
1334423,57339.1670,i,22.0467,0.0592
1334423,57339.1700,z,22.3193,0.0927
1334423,57345.2400,g,23.1674,0.1133
1334423,57345.2430,r,22.1110,0.0552
1334423,57345.2450,i,22.1874,0.0809
1334423,57345.2480,z,22.5572,0.1257
1334423,57355.2260,r,22.6629,0.1281
1334423,57355.2280,i,22.6465,0.1128
1334423,57355.2300,z,22.7364,0.1518
1334423,57365.1210,g,24.7904,0.2558
1334423,57365.1230,r,23.2840,0.0801
1334423,57365.1250,i,22.7644,0.0568
1334423,57365.1280,z,22.9203,0.0847
1334423,57372.1150,r,23.8212,0.1810
1334423,57372.1180,i,23.0382,0.1176
1334423,57372.1200,z,22.8332,0.1257
1334423,57385.0800,r,24.7361,0.3118
1334423,57385.0820,i,23.4813,0.1281
1334423,57385.0850,z,23.4419,0.1656
1334423,57394.0440,r,24.4292,0.3538
1334423,57394.0460,i,23.6801,0.2303
1334423,57394.0490,z,23.5736,0.3076
1334423,57401.0650,i,24.0132,0.2362
1334423,57401.0670,z,24.0406,0.3116
1334620,57319.2670,i,22.6924,0.2556
1334620,57327.0630,g,21.7988,0.0312
1334620,57327.0650,r,21.5630,0.0383
1334620,57327.0670,i,21.5029,0.0501
1334620,57327.0700,z,21.9719,0.1176
1334620,57331.0540,g,21.5266,0.0288
1334620,57331.0560,r,21.2580,0.0289
1334620,57331.0580,i,21.3151,0.0412
1334620,57331.0610,z,21.7549,0.0911
1334620,57339.1480,g,21.6473,0.0333
1334620,57339.1510,r,21.2106,0.0270
1334620,57339.1530,i,21.2360,0.0378
1334620,57339.1560,z,21.9962,0.0947
1334620,57345.0680,r,21.3678,0.1778
1334620,57345.0700,i,21.5217,0.2765
1334620,57346.0240,g,22.1376,0.1030
1334620,57346.0270,r,21.4125,0.0387
1334620,57346.0290,i,21.5541,0.0470
1334620,57346.0310,z,22.2903,0.0992
1334620,57356.0960,g,23.4855,0.0904
1334620,57356.0980,r,21.9898,0.0315
1334620,57356.1000,i,21.8601,0.0391
1334620,57356.1030,z,22.2288,0.0732
1334620,57366.0540,g,24.4442,0.2545
1334620,57366.0560,r,22.4298,0.0545
1334620,57366.0580,i,22.0999,0.0592
1334620,57366.0610,z,22.0764,0.0783
1334620,57373.0530,r,22.8693,0.1086
1334620,57373.0550,i,22.7663,0.1321
1334620,57373.0580,z,22.3589,0.1107
1334620,57385.1090,r,23.3639,0.1711
1334620,57385.1110,i,22.8873,0.1253
1334620,57385.1140,z,23.1153,0.1975
1334620,57389.0740,r,23.2814,0.1568
1334620,57389.0760,i,23.1595,0.2135
1334620,57396.0610,r,23.7222,0.2360
1334620,57396.0630,i,23.0715,0.1919
1334620,57396.0660,z,23.3047,0.2877
1334620,57403.0620,r,23.4344,0.3606
1334620,57403.0640,i,23.5506,0.3267
1334620,57403.0670,z,23.4305,0.2990
1334620,57427.0660,r,23.5867,0.3596
1334654,57315.1990,z,23.6209,0.3393
1334654,57327.0630,g,23.9207,0.1798
1334654,57327.0650,r,23.2735,0.1409
1334654,57327.0700,z,23.3980,0.3131
1334654,57331.0540,g,24.1940,0.2663
1334654,57331.0560,r,23.3233,0.1500
1334654,57331.0580,i,23.2679,0.1779
1334654,57339.1480,g,24.1491,0.2664
1334654,57339.1510,r,23.5924,0.1988
1334654,57339.1530,i,23.1570,0.1707
1334654,57339.1560,z,23.0126,0.1747
1334654,57346.0290,i,23.6181,0.2299
1334654,57346.0310,z,23.5088,0.2231
1334654,57356.0960,g,24.9933,0.3040
1334654,57356.0980,r,24.6319,0.2683
1334654,57356.1000,i,24.4333,0.3102
1334654,57356.1030,z,23.9047,0.2524
1334654,57366.0540,g,24.9514,0.3436
1334654,57366.0580,i,24.2877,0.3266
1334654,57366.0610,z,23.8371,0.2938
1334654,57373.0570,z,23.9127,0.3283
1335671,57329.2270,r,23.9550,0.2585
1335671,57329.2290,i,23.7076,0.3040
1335671,57331.0890,g,24.5606,0.2858
1335671,57331.0920,r,23.4244,0.1463
1335671,57331.0940,i,23.4743,0.2251
1335671,57331.0960,z,23.4405,0.2723
1335671,57339.2810,g,23.2110,0.0887
1335671,57339.2840,r,22.5147,0.0594
1335671,57339.2860,i,22.7132,0.1136
1335671,57339.2890,z,22.6778,0.1410
1335671,57345.3280,g,23.3129,0.1047
1335671,57345.3310,r,22.3754,0.0617
1335671,57345.3330,i,22.6974,0.1090
1335671,57345.3350,z,22.6940,0.1461
1335671,57349.3010,r,22.4554,0.1832
1335671,57349.3030,i,22.7540,0.1890
1335671,57349.3050,z,22.4146,0.1540
1335671,57356.1680,g,23.5795,0.1579
1335671,57356.1700,r,22.6291,0.0571
1335671,57356.1720,i,22.6937,0.0624
1335671,57356.1740,z,22.6205,0.0712
1335671,57365.2450,g,25.0959,0.2756
1335671,57365.2470,r,23.0906,0.0520
1335671,57365.2490,i,22.9233,0.0535
1335671,57365.2520,z,23.0992,0.0753
1335671,57372.2260,r,23.5168,0.1248
1335671,57372.2280,i,23.4719,0.2437
1335671,57376.0620,z,22.6817,0.2749
1335671,57379.0780,i,23.3034,0.2020
1335671,57379.0810,z,23.4084,0.2128
1335671,57387.1810,r,23.9254,0.2202
1335671,57387.1830,i,23.7339,0.2133
1335671,57387.1850,z,23.5038,0.2053
1335671,57401.1290,z,23.9508,0.2365
1336150,57325.0120,r,24.3149,0.3479
1336150,57325.0140,i,23.9186,0.3387
1336150,57329.0280,g,23.8228,0.1410
1336150,57329.0310,r,23.8893,0.2387
1336150,57329.0330,i,23.4335,0.2165
1336150,57334.2240,g,23.6961,0.1535
1336150,57334.2260,r,23.0299,0.0911
1336150,57334.2280,i,22.9079,0.0974
1336150,57334.2310,z,22.6591,0.1094
1336150,57340.0630,g,23.4950,0.0962
1336150,57340.0660,r,22.9188,0.0718
1336150,57340.0680,i,22.8158,0.0904
1336150,57340.0700,z,22.7507,0.1151
1336150,57342.0210,g,23.5830,0.0995
1336150,57342.0240,r,22.9269,0.0738
1336150,57342.0280,z,22.9019,0.1569
1336150,57347.0790,r,22.8769,0.1562
1336150,57347.0810,i,22.8666,0.1284
1336150,57347.0840,z,22.9985,0.1556
1336150,57356.1200,g,24.7345,0.2704
1336150,57356.1220,r,23.5105,0.1046
1336150,57356.1250,i,23.3304,0.1214
1336150,57356.1270,z,23.3554,0.1414
1336150,57366.0390,g,24.7629,0.3177
1336150,57366.0410,r,24.2901,0.2375
1336150,57366.0430,i,23.5398,0.1657
1336150,57366.0460,z,23.2725,0.1740
1336150,57385.0990,z,23.7229,0.2966
1336453,57339.1170,g,22.0174,0.0356
1336453,57339.1200,r,22.0533,0.0603
1336453,57339.1220,i,22.2256,0.0820
1336453,57339.1250,z,22.6436,0.1443
1336453,57345.2270,g,20.7507,0.0111
1336453,57345.2290,r,20.8436,0.0164
1336453,57345.2310,i,20.9821,0.0270
1336453,57345.2340,z,21.2164,0.0503
1336453,57355.2100,g,20.3565,0.0169
1336453,57355.2120,r,20.3296,0.0136
1336453,57355.2140,i,20.6575,0.0177
1336453,57355.2170,z,21.1465,0.0283
1336453,57365.1070,g,20.7404,0.0070
1336453,57365.1100,r,20.5706,0.0068
1336453,57365.1120,i,20.9009,0.0117
1336453,57365.1150,z,21.5783,0.0248
1336453,57372.1000,g,21.2798,0.0169
1336453,57372.1020,r,20.9422,0.0145
1336453,57372.1040,i,21.3316,0.0245
1336453,57372.1070,z,22.0879,0.0614
1336453,57385.0640,g,22.5566,0.0394
1336453,57385.0670,r,21.4345,0.0156
1336453,57385.0690,i,21.4788,0.0247
1336453,57385.0710,z,21.9127,0.0428
1336453,57389.1090,g,22.7652,0.0610
1336453,57389.1110,r,21.6437,0.0250
1336453,57389.1130,i,21.5175,0.0363
1336453,57389.1160,z,21.7191,0.0541
1336453,57396.0960,g,23.2198,0.0829
1336453,57396.0990,r,21.8092,0.0317
1336453,57396.1010,i,21.7599,0.0427
1336453,57396.1030,z,21.7934,0.0658
1336453,57403.0970,g,23.2479,0.1737
1336453,57403.0990,r,22.2364,0.0908
1336453,57403.1010,i,22.3160,0.0853
1336453,57403.1030,z,22.2938,0.0951
1336453,57428.0560,g,23.6691,0.1775
1336464,57339.1170,g,23.4791,0.1322
1336464,57339.1200,r,22.6541,0.1026
1336464,57339.1220,i,23.0887,0.1890
1336464,57339.1240,z,22.7193,0.1663
1336464,57345.2270,g,22.9552,0.0770
1336464,57345.2290,r,22.3650,0.0653
1336464,57345.2310,i,22.4688,0.1198
1336464,57345.2340,z,22.5600,0.1856
1336464,57355.2100,g,23.1518,0.2285
1336464,57355.2120,r,22.3548,0.0856
1336464,57355.2140,i,22.1502,0.0736
1336464,57355.2170,z,22.4262,0.1065
1336464,57365.1070,g,23.9199,0.1142
1336464,57365.1100,r,22.7968,0.0499
1336464,57365.1120,i,22.5107,0.0529
1336464,57365.1150,z,22.7571,0.0799
1336464,57372.1020,r,23.0271,0.0981
1336464,57372.1040,i,23.0738,0.1285
1336464,57372.1070,z,23.1786,0.1869
1336464,57385.0670,r,24.0710,0.1798
1336464,57385.0690,i,23.0516,0.1126
1336464,57385.0710,z,23.0266,0.1333
1336464,57389.1110,r,24.0689,0.2362
1336464,57389.1130,i,23.4288,0.2154
1336464,57389.1160,z,23.2110,0.2302
1336464,57396.0990,r,24.0924,0.2503
1336464,57396.1010,i,23.5583,0.2374
1336464,57396.1030,z,23.2219,0.2664
1336687,57331.0560,r,24.1071,0.2945
1336687,57331.0580,i,24.0561,0.3586
1336687,57339.1480,g,22.2855,0.0460
1336687,57339.1510,r,22.0165,0.0422
1336687,57339.1530,i,22.0564,0.0597
1336687,57339.1560,z,22.2729,0.0885
1336687,57345.0680,r,21.4959,0.1477
1336687,57345.0700,i,21.4650,0.1559
1336687,57345.0740,z,21.4848,0.2136
1336687,57346.0240,g,21.5360,0.0432
1336687,57346.0270,r,21.3107,0.0262
1336687,57346.0290,i,21.4183,0.0301
1336687,57346.0310,z,21.7770,0.0449
1336687,57356.0960,g,21.7403,0.0151
1336687,57356.0980,r,21.2266,0.0117
1336687,57356.1000,i,21.2788,0.0167
1336687,57356.1030,z,21.9374,0.0402
1336687,57366.0540,g,22.4940,0.0336
1336687,57366.0560,r,21.6262,0.0198
1336687,57366.0580,i,21.7936,0.0325
1336687,57366.0610,z,22.3901,0.0754
1336687,57373.0510,g,23.2723,0.1327
1336687,57373.0530,r,22.0251,0.0384
1336687,57373.0550,i,21.8461,0.0399
1336687,57373.0580,z,22.5332,0.0934
1336687,57385.1070,g,23.8415,0.2006
1336687,57385.1090,r,22.4785,0.0560
1336687,57385.1110,i,22.0719,0.0426
1336687,57385.1140,z,22.2736,0.0653
1336687,57389.0720,g,24.3310,0.2678
1336687,57389.0740,r,22.7292,0.0699
1336687,57389.0760,i,22.3725,0.0726
1336687,57389.0790,z,22.4064,0.1385
1336687,57396.0610,r,22.9387,0.0843
1336687,57396.0630,i,22.7926,0.1046
1336687,57396.0660,z,22.7001,0.1186
1336687,57403.0620,r,23.3814,0.2462
1336687,57403.0640,i,22.9924,0.1409
1336687,57403.0660,z,22.9044,0.1290
1336975,57302.3200,i,22.1952,0.2675
1336975,57303.1520,g,21.7236,0.2236
1336975,57304.1820,i,22.6568,0.2775
1336975,57304.1840,z,22.3684,0.2472
1336975,57332.0740,g,23.5297,0.3091
1336975,57339.2950,g,21.5882,0.0411
1336975,57339.2970,r,21.5891,0.0452
1336975,57339.3000,i,21.8754,0.1078
1336975,57339.3020,z,22.1454,0.1617
1336975,57345.3120,g,19.7751,0.0104
1336975,57345.3140,r,19.8048,0.0122
1336975,57345.3160,i,20.0465,0.0217
1336975,57345.3190,z,20.4661,0.0365
1336975,57355.2380,g,19.1624,0.0113
1336975,57355.2400,r,19.2005,0.0083
1336975,57355.2420,i,19.6133,0.0132
1336975,57355.2450,z,19.8815,0.0156
1336975,57365.1820,g,19.6163,0.0052
1336975,57365.1850,r,19.3549,0.0043
1336975,57365.1870,i,19.9174,0.0092
1336975,57365.1900,z,20.0161,0.0108
1336975,57372.2370,g,20.3293,0.0186
1336975,57372.2390,r,19.7289,0.0157
1336975,57372.2410,i,20.0592,0.0245
1336975,57375.0460,g,20.6831,0.0360
1336975,57375.0480,r,19.8388,0.0151
1336975,57375.0500,i,20.0167,0.0195
1336975,57375.0520,z,20.1233,0.0222
1336975,57385.1480,g,21.6768,0.0697
1336975,57385.1510,r,20.4711,0.0169
1336975,57385.1530,i,20.1935,0.0156
1336975,57385.1550,z,20.1386,0.0154
1336975,57389.1490,g,21.9914,0.0697
1336975,57389.1520,r,20.7155,0.0223
1336975,57389.1540,i,20.5411,0.0298
1336975,57389.1560,z,20.4953,0.0353
1336975,57394.1580,g,22.1580,0.0767
1336975,57394.1600,r,20.9184,0.0285
1336975,57394.1620,i,20.8640,0.0482
1336975,57394.1650,z,20.8011,0.0530
1336975,57401.1360,g,22.3987,0.0529
1336975,57401.1380,r,21.1426,0.0192
1336975,57401.1400,i,21.0918,0.0299
1336975,57401.1430,z,20.9861,0.0320
1336975,57408.0650,g,21.9287,0.2070
1336975,57408.0670,r,21.0110,0.0518
1336975,57408.0690,i,21.1647,0.0618
1336975,57408.0720,z,21.1948,0.0553
1336975,57425.1460,g,22.5350,0.1422
1336975,57425.1490,r,21.8993,0.0812
1336975,57425.1510,i,21.8399,0.1319
1336975,57425.1540,z,22.2608,0.2497
1337687,57339.2950,g,24.8052,0.3568
1337687,57339.2970,r,24.3920,0.3021
1337687,57345.3120,g,22.7320,0.0697
1337687,57345.3140,r,22.6764,0.0825
1337687,57345.3160,i,22.7633,0.1129
1337687,57345.3190,z,22.7656,0.1653
1337687,57355.2380,g,21.6135,0.0496
1337687,57355.2400,r,21.4961,0.0360
1337687,57355.2420,i,21.6573,0.0397
1337687,57355.2450,z,21.9892,0.0585
1337687,57365.1820,g,21.7129,0.0125
1337687,57365.1850,r,21.4158,0.0113
1337687,57365.1870,i,21.4979,0.0167
1337687,57365.1900,z,21.9371,0.0314
1337687,57372.2370,g,22.1984,0.0464
1337687,57372.2390,r,21.5685,0.0426
1337687,57372.2410,i,21.7066,0.0523
1337687,57375.0460,g,22.1682,0.0710
1337687,57375.0480,r,21.7371,0.0446
1337687,57375.0500,i,21.8185,0.0459
1337687,57375.0520,z,22.3115,0.0905
1337687,57385.1480,g,23.1117,0.1310
1337687,57385.1510,r,22.2321,0.0453
1337687,57385.1530,i,22.2776,0.0469
1337687,57385.1550,z,22.6517,0.0828
1337687,57389.1490,g,23.9053,0.1865
1337687,57389.1520,r,22.5796,0.0600
1337687,57389.1540,i,22.2168,0.0639
1337687,57389.1560,z,22.4988,0.1206
1337687,57394.1580,g,24.2403,0.2354
1337687,57394.1600,r,22.6680,0.0705
1337687,57394.1620,i,22.3416,0.0823
1337687,57394.1650,z,22.5907,0.1519
1337687,57401.1360,g,24.4765,0.1590
1337687,57401.1380,r,23.2936,0.0654
1337687,57401.1400,i,22.5948,0.0529
1337687,57401.1430,z,22.7177,0.0857
1337687,57408.0670,r,23.3240,0.2262
1337687,57408.0690,i,22.8957,0.1365
1337687,57408.0720,z,23.0209,0.1589
1337687,57425.1490,r,23.5726,0.1960
1337687,57425.1510,i,23.6212,0.3199
1337687,57660.2690,r,24.8715,0.3323
1339392,57356.1680,g,22.0614,0.0548
1339392,57356.1700,r,21.8008,0.0414
1339392,57356.1720,i,21.8072,0.0521
1339392,57356.1740,z,22.2402,0.0925
1339392,57365.2450,g,20.2835,0.0061
1339392,57365.2470,r,20.3818,0.0075
1339392,57365.2490,i,20.6221,0.0130
1339392,57365.2520,z,21.0170,0.0210
1339392,57372.2230,g,20.2548,0.0072
1339392,57372.2260,r,20.2367,0.0108
1339392,57372.2280,i,20.4295,0.0301
1339392,57372.2290,z,20.9257,0.0516
1339392,57376.0620,z,21.2367,0.1433
1339392,57379.0730,g,20.5436,0.0433
1339392,57379.0760,r,20.3726,0.0264
1339392,57379.0780,i,20.7143,0.0367
1339392,57379.0810,z,21.2365,0.0528
1339392,57387.1780,g,21.5666,0.0422
1339392,57387.1810,r,20.8621,0.0209
1339392,57387.1830,i,21.0527,0.0348
1339392,57387.1850,z,21.4241,0.0543
1339392,57394.1440,g,22.4852,0.0694
1339392,57394.1460,r,21.2212,0.0341
1339392,57394.1480,i,21.1675,0.0705
1339392,57394.1510,z,21.2705,0.0864
1339392,57401.1220,g,23.2035,0.0741
1339392,57401.1250,r,21.6533,0.0236
1339392,57401.1270,i,21.4876,0.0350
1339392,57401.1300,z,21.3464,0.0403
1339392,57408.0810,r,21.9404,0.1003
1339392,57408.0830,i,21.6774,0.0869
1339392,57408.0860,z,21.7069,0.0823
1339392,57426.1430,g,23.4703,0.2398
1339392,57426.1450,r,22.7154,0.1743
1339392,57426.1470,i,22.7441,0.3273
1339392,57426.1500,z,22.4243,0.3435
1343401,57379.0610,r,22.4964,0.2091
1343401,57379.0630,i,23.0913,0.3014
1343401,57379.0660,z,23.0956,0.2688
1343401,57388.0420,g,22.2000,0.0452
1343401,57388.0450,r,21.9122,0.0473
1343401,57388.0470,i,22.0054,0.0560
1343401,57388.0490,z,22.2239,0.1029
1343401,57395.0940,g,22.2920,0.0540
1343401,57395.0960,r,21.7483,0.0418
1343401,57395.0980,i,21.7586,0.0876
1343401,57395.1000,z,22.0494,0.1821
1343401,57402.0480,g,22.6117,0.0619
1343401,57402.0510,r,21.8707,0.0312
1343401,57402.0530,i,21.8715,0.0376
1343401,57402.0560,z,22.1712,0.0624
1343401,57427.0520,r,23.2785,0.2364
1343401,57427.0540,i,22.8995,0.2620
1343401,57427.0570,z,22.7845,0.2995
1343871,57372.1130,g,24.6862,0.3015
1343871,57372.1150,r,23.9599,0.1750
1343871,57372.1180,i,24.3333,0.3415
1343871,57372.1200,z,23.7717,0.2617
1343871,57385.0780,g,24.4638,0.1822
1343871,57385.0800,r,22.9304,0.0537
1343871,57385.0820,i,23.1510,0.0855
1343871,57385.0850,z,23.2818,0.1279
1343871,57394.0440,r,22.9806,0.0846
1343871,57394.0460,i,23.1073,0.1271
1343871,57394.0490,z,23.2439,0.1963
1343871,57401.0630,r,23.3375,0.0961
1343871,57401.0650,i,23.1991,0.1078
1343871,57401.0670,z,23.0152,0.1074
1343871,57408.0570,z,23.1765,0.2857
1344303,57385.0640,g,21.7254,0.0366
1344303,57385.0670,r,21.4511,0.0253
1344303,57385.0690,i,21.3409,0.0416
1344303,57385.0710,z,21.5749,0.0536
1344303,57389.1090,g,20.4479,0.0139
1344303,57389.1110,r,20.2794,0.0117
1344303,57389.1130,i,20.3101,0.0232
1344303,57389.1160,z,20.4445,0.0283
1344303,57396.0960,g,19.7263,0.0080
1344303,57396.0990,r,19.5280,0.0065
1344303,57396.1010,i,19.8258,0.0151
1344303,57396.1030,z,19.8417,0.0182
1344303,57403.0970,g,19.7345,0.0181
1344303,57403.0990,r,19.4772,0.0119
1344303,57403.1010,i,19.9306,0.0192
1344303,57403.1040,z,19.9585,0.0189
1344303,57428.0560,g,21.6145,0.0538
1344303,57645.2230,i,22.1090,0.3418
1344303,57688.1550,g,23.8973,0.3055
1346956,57394.1440,g,23.3097,0.0911
1346956,57394.1460,r,23.1676,0.1111
1346956,57394.1480,i,23.6829,0.3369
1346956,57394.1510,z,23.4483,0.3260
1346956,57401.1220,g,21.9060,0.0141
1346956,57401.1250,r,21.9381,0.0174
1346956,57401.1270,i,22.0376,0.0272
1346956,57401.1290,z,22.1415,0.0437
1346956,57408.0780,g,21.6383,0.0672
1346956,57408.0810,r,21.5964,0.0432
1346956,57408.0830,i,21.6026,0.0381
1346956,57408.0850,z,21.8822,0.0509
1346956,57426.1430,g,22.5135,0.0604
1346956,57426.1450,r,21.7345,0.0379
1346956,57426.1470,i,21.7727,0.0615
1346956,57426.1500,z,22.2480,0.1467
1368143,57614.2820,z,22.3679,0.0549
1368143,57614.3300,i,22.1439,0.0339
1368143,57614.3530,r,22.1725,0.0192
1368143,57614.3710,g,23.1454,0.0366
1368143,57624.2630,g,23.5959,0.3206
1368143,57625.2640,g,23.9361,0.3464
1368143,57625.2760,r,22.7741,0.2001
1368143,57625.3410,z,22.5941,0.0356
1368143,57626.2550,i,22.2949,0.0288
1368143,57631.2590,g,24.2328,0.1110
1368143,57631.2940,r,22.8276,0.0280
1368143,57631.3530,z,22.8919,0.0452
1368143,57633.2450,i,22.5879,0.0387
1368143,57636.2320,g,24.4877,0.1535
1368143,57636.2520,r,23.1998,0.0532
1368143,57636.2710,z,23.1785,0.0995
1368143,57637.2540,i,22.8476,0.0524
1368143,57642.3350,r,23.5609,0.0752
1368143,57642.3480,z,23.1084,0.0731
1368143,57643.2410,i,22.9789,0.0720
1368143,57645.2890,r,23.8847,0.2099
1368143,57645.3160,z,23.1181,0.0951
1368143,57645.3580,i,23.0778,0.0771
1368143,57653.2760,z,23.1496,0.0828
1368143,57655.1780,r,24.3885,0.1565
1368143,57655.1980,i,23.2756,0.0609
1368143,57660.1600,z,23.4148,0.0954
1368143,57660.3570,r,24.4135,0.1752
1368143,57662.1650,i,23.5898,0.0801
1368143,57664.1460,r,24.9770,0.2801
1368143,57664.1970,z,23.9081,0.1665
1368143,57669.1310,i,23.8013,0.1371
1368143,57671.1430,z,23.8875,0.1099
1368143,57673.3100,i,24.1065,0.2447
1368143,57681.2530,z,24.4823,0.3362
1368143,57681.2890,i,24.0194,0.1972
1368143,57686.2660,i,24.2815,0.2716
1368143,57687.1130,z,24.0136,0.3295
1368143,57694.0910,r,25.3490,0.3397
1368143,57694.1060,i,24.5066,0.2456
1368143,57701.1060,i,24.6518,0.2392
1368143,57709.0670,r,25.2627,0.2945
1368143,57714.0760,i,24.8275,0.3446
1368143,57718.1740,i,25.0871,0.3194
1368143,57730.0850,i,24.6394,0.2479
1368143,57740.0710,r,25.2860,0.2348
1368143,57740.0920,i,25.1631,0.2972
1368143,57747.0720,r,25.6844,0.3043
1368143,57747.0930,i,24.9207,0.2780
1368143,57773.0790,r,25.6922,0.3303
1368530,57624.2560,z,22.8014,0.3077
1368530,57625.3840,g,22.8300,0.0882
1368530,57625.3860,r,22.5444,0.0546
1368530,57625.3880,i,22.6378,0.0629
1368530,57625.3910,z,22.4243,0.0598
1368530,57629.2420,g,22.6763,0.0614
1368530,57629.2440,r,22.2217,0.0544
1368530,57629.2460,i,22.3932,0.0741
1368530,57629.2490,z,22.4074,0.0915
1368530,57633.3440,g,22.5345,0.0492
1368530,57633.3470,r,22.2744,0.0567
1368530,57633.3490,i,22.1616,0.0686
1368530,57633.3540,z,22.5828,0.1329
1368530,57637.2320,g,22.8767,0.0826
1368530,57637.2340,r,22.3452,0.0623
1368530,57637.2360,i,22.2500,0.0687
1368530,57637.2380,z,22.4805,0.1070
1368530,57643.2020,i,22.3212,0.1615
1368530,57643.2050,z,22.5403,0.2219
1368530,57644.2000,i,22.4816,0.2107
1368530,57644.2020,z,22.6014,0.3523
1368530,57645.1940,r,22.6745,0.2189
1368530,57645.1960,i,22.5136,0.1476
1368530,57645.2000,z,22.8037,0.2700
1368530,57646.1930,i,22.4376,0.1996
1368530,57653.1690,g,24.1574,0.1975
1368530,57653.1720,r,22.9112,0.0743
1368530,57653.1740,i,22.7554,0.0846
1368530,57653.1770,z,22.8398,0.1165
1368530,57657.2230,g,24.3114,0.3168
1368530,57657.2250,r,23.1888,0.1635
1368530,57657.2280,i,23.2453,0.2316
1368530,57657.2310,z,23.2057,0.2311
1368530,57662.3230,r,23.6746,0.1423
1368530,57662.3260,i,23.0357,0.1099
1368530,57662.3280,z,22.8918,0.1266
1368530,57669.1030,i,23.3690,0.2938
1368530,57669.1060,z,22.8183,0.1904
1368530,57671.1020,z,22.8046,0.1932
1368530,57686.0820,r,23.4246,0.2763
1368530,57708.0860,z,22.6540,0.3154
1368530,57714.1720,r,23.9911,0.2170
1371046,57614.2080,g,19.7490,0.0186
1371046,57614.2100,r,19.5524,0.0110
1371046,57614.2120,i,19.6914,0.0109
1371046,57614.2170,z,19.9262,0.0133
1371046,57623.2220,g,19.1887,0.0091
1371046,57623.2240,r,19.0046,0.0055
1371046,57623.2260,i,19.4255,0.0070
1371046,57623.2290,z,19.5475,0.0067
1371046,57627.3630,g,19.3083,0.0179
1371046,57627.3660,r,18.9539,0.0103
1371046,57627.3680,i,19.4297,0.0277
1371046,57627.3710,z,19.6131,0.0355
1371046,57629.2270,g,19.4554,0.0060
1371046,57629.2300,r,19.0553,0.0043
1371046,57629.2320,i,19.5749,0.0064
1371046,57629.2350,z,19.7180,0.0076
1371046,57633.2250,g,19.7879,0.0081
1371046,57633.2270,r,19.2569,0.0055
1371046,57633.2290,i,19.8835,0.0100
1371046,57633.2320,z,19.8200,0.0104
1371046,57637.2170,g,20.2004,0.0110
1371046,57637.2190,r,19.4341,0.0067
1371046,57637.2220,i,20.0035,0.0131
1371046,57637.2240,z,19.8224,0.0132
1371046,57641.0900,g,20.6148,0.0372
1371046,57641.0920,r,19.4911,0.0125
1371046,57641.0940,i,19.6969,0.0199
1371046,57641.0970,z,19.6302,0.0187
1371046,57642.1010,g,20.7408,0.0541
1371046,57642.1030,r,19.5881,0.0277
1371046,57642.1050,i,19.8807,0.0144
1371046,57642.1090,z,19.8020,0.0160
1371046,57645.0900,r,19.6971,0.0345
1371046,57645.0920,i,19.8727,0.0255
1371046,57645.0950,z,19.7819,0.0264
1371046,57653.0680,g,21.6426,0.0334
1371046,57653.0700,r,20.0545,0.0098
1371046,57653.0720,i,19.9683,0.0107
1371046,57653.0750,z,19.9575,0.0116
1371046,57657.2080,g,21.8027,0.0374
1371046,57657.2110,r,20.3280,0.0126
1371046,57657.2130,i,20.2783,0.0170
1371046,57657.2160,z,20.2122,0.0196
1371046,57662.2390,g,21.9320,0.0354
1371046,57662.2410,r,20.5838,0.0128
1371046,57662.2430,i,20.6279,0.0166
1371046,57662.2490,z,20.5955,0.0174
1371046,57666.0350,g,22.1944,0.0611
1371046,57666.0370,r,20.7287,0.0194
1371046,57666.0400,i,20.8528,0.0292
1371046,57666.0450,z,20.7871,0.0330
1371046,57671.0070,g,22.1854,0.1036
1371046,57671.0100,r,20.8848,0.0259
1371046,57671.0120,i,20.9724,0.0303
1371046,57671.0170,z,21.1505,0.0385
1371046,57680.0160,g,21.5338,0.0586
1371046,57680.0190,r,20.9753,0.0393
1371046,57680.0210,i,20.9304,0.0585
1371046,57680.0240,z,21.1604,0.0802
1371046,57681.0150,g,21.5076,0.0580
1371046,57681.0170,r,20.9256,0.0400
1371046,57681.0190,i,20.9697,0.0572
1371046,57681.0210,z,21.2500,0.0804
1371046,57682.0160,g,22.1632,0.0743
1371046,57682.0190,r,21.1803,0.0390
1371046,57682.0210,i,21.3659,0.0668
1371046,57682.0260,z,21.5124,0.0794
1371046,57686.0200,g,22.3395,0.0741
1371046,57686.0230,r,21.2325,0.0413
1371046,57686.0250,i,21.4276,0.0794
1371046,57686.0280,z,21.6879,0.1158
1371046,57694.0250,g,22.5739,0.0603
1371046,57694.0290,i,21.7736,0.0480
1371046,57694.0350,z,22.1030,0.0781
1371046,57701.0390,g,22.3384,0.1504
1371046,57701.0420,r,21.8174,0.0719
1371046,57701.0440,i,22.0625,0.0892
1371046,57701.0490,z,22.3326,0.1264
1371046,57708.0630,g,22.4164,0.1981
1371046,57708.0650,r,21.9354,0.0817
1371046,57708.0670,i,22.3168,0.1069
1371046,57708.0730,z,22.8763,0.1786
1371046,57714.0570,g,22.7452,0.0764
1371046,57714.0590,r,22.0418,0.0481
1371046,57714.0610,i,22.4209,0.0901
1371046,57714.0660,z,22.9911,0.2136
1371046,57718.0420,g,22.4763,0.0924
1371046,57718.0440,r,22.0979,0.0670
1371046,57718.0460,i,22.3418,0.1034
1371046,57718.0520,z,23.1324,0.2545
1371046,57719.0450,g,22.7680,0.0861
1371046,57719.0480,r,22.1974,0.0535
1371046,57719.0500,i,22.5373,0.1037
1371046,57719.0520,z,23.0356,0.1922
1371046,57723.1300,g,22.6964,0.0979
1371046,57723.1320,r,22.4416,0.0877
1371046,57723.1340,i,22.6573,0.1751
1371046,57723.1400,z,22.9347,0.2035
1371046,57730.0530,g,22.8794,0.2006
1371046,57730.0550,r,22.5890,0.1492
1371046,57730.0570,i,23.1481,0.2418
1371046,57730.0630,z,23.5607,0.3023
1371046,57740.0570,g,22.9015,0.0680
1371046,57740.0590,r,22.8611,0.0687
1371046,57740.0610,i,23.0663,0.1032
1371046,57740.0640,z,23.4214,0.1645
1371046,57747.0570,g,23.0293,0.0816
1371046,57747.0590,r,22.9454,0.0811
1371046,57747.0610,i,23.3804,0.1627
1371046,57747.0630,z,23.7369,0.2755
1371046,57752.0590,g,23.0113,0.1116
1371046,57752.0610,r,23.1369,0.1456
1371046,57752.0640,i,23.4346,0.2585
1371046,57760.0500,g,23.0497,0.3001
1371046,57760.0530,r,23.4274,0.3271
1371046,57760.0550,i,23.3007,0.2752
1371046,57773.0460,g,23.3528,0.2149
1371046,57773.0490,r,23.4555,0.1814
1371046,57773.0510,i,23.9775,0.3326
1435067,57645.0920,i,22.5426,0.2622
1435067,57653.0680,g,22.9403,0.0564
1435067,57653.0700,r,22.4988,0.0568
1435067,57653.0720,i,22.6880,0.0961
1435067,57653.0750,z,22.5055,0.1046
1435067,57657.2080,g,22.7197,0.0485
1435067,57657.2110,r,22.2517,0.0511
1435067,57657.2130,i,22.3601,0.0930
1435067,57657.2160,z,22.5627,0.1543
1435067,57662.2390,g,22.8227,0.0464
1435067,57662.2410,r,22.2491,0.0401
1435067,57662.2430,i,22.2943,0.0632
1435067,57662.2490,z,22.3733,0.0766
1435067,57666.0350,g,23.3040,0.0909
1435067,57666.0370,r,22.3415,0.0616
1435067,57666.0400,i,22.2508,0.0894
1435067,57666.0450,z,22.2886,0.1120
1435067,57671.0070,g,23.6772,0.2305
1435067,57671.0100,r,22.5147,0.0869
1435067,57671.0120,i,22.4480,0.0994
1435067,57671.0170,z,22.9743,0.1847
1435067,57680.0160,g,24.1898,0.3390
1435067,57680.0190,r,23.7363,0.3572
1435067,57680.0210,i,22.6164,0.2270
1435067,57681.0170,r,23.6970,0.3347
1435067,57681.0190,i,23.0138,0.3090
1435067,57682.0190,r,23.7496,0.3040
1435067,57682.0210,i,23.0825,0.2689
1435067,57682.0260,z,23.1250,0.3063
1435067,57686.0230,r,23.6267,0.2763
1435067,57686.0250,i,23.0549,0.3014
1435067,57694.0290,i,23.3073,0.1639
1435067,57694.0350,z,23.6167,0.2909
1435067,57701.0440,i,23.6640,0.3251
1435067,57708.0670,i,23.5761,0.2936
1435067,57708.0730,z,23.3741,0.2576
1435067,57740.0610,i,24.4620,0.3136
1435067,57747.0590,r,24.7368,0.3281
1435067,57752.0610,r,24.4135,0.3528
1479069,57661.0700,i,24.0042,0.2685
1479069,57670.9940,g,22.0928,0.0983
1479069,57670.9960,r,22.2291,0.0729
1479069,57670.9980,i,22.4588,0.1195
1479069,57671.0010,z,22.3977,0.1033
1479069,57671.0070,g,22.1928,0.0659
1479069,57671.0100,r,22.4669,0.0757
1479069,57671.0120,i,22.4390,0.0786
1479069,57671.0170,z,22.6802,0.1233
1479069,57680.0030,g,20.2184,0.0124
1479069,57680.0050,r,20.4204,0.0237
1479069,57680.0070,i,20.5403,0.0315
1479069,57680.0100,z,20.9349,0.0501
1479069,57680.0160,g,20.1963,0.0107
1479069,57680.0190,r,20.4155,0.0167
1479069,57680.0210,i,20.5978,0.0310
1479069,57680.0240,z,20.8768,0.0508
1479069,57681.0010,g,20.1071,0.0234
1479069,57681.0040,r,20.3113,0.0382
1479069,57681.0060,i,20.6425,0.0641
1479069,57681.0150,g,20.1282,0.0101
1479069,57681.0170,r,20.3265,0.0158
1479069,57681.0190,i,20.5608,0.0254
1479069,57681.0210,z,20.7917,0.0403
1479069,57682.0030,g,20.0770,0.0098
1479069,57682.0050,r,20.2220,0.0121
1479069,57682.0070,i,20.5080,0.0219
1479069,57682.0100,z,20.7977,0.0446
1479069,57682.0160,g,20.0610,0.0078
1479069,57682.0190,r,20.2279,0.0120
1479069,57682.0210,i,20.4964,0.0205
1479069,57682.0260,z,20.8459,0.0342
1479069,57686.0070,g,19.8926,0.0084
1479069,57686.0090,r,20.0304,0.0103
1479069,57686.0110,i,20.3665,0.0185
1479069,57686.0140,z,20.7546,0.0358
1479069,57686.0200,g,19.8819,0.0058
1479069,57686.0230,r,20.0389,0.0099
1479069,57686.0250,i,20.4015,0.0223
1479069,57686.0280,z,20.7796,0.0394
1479069,57694.0110,g,20.0449,0.0067
1479069,57694.0140,r,20.0231,0.0074
1479069,57694.0160,i,20.4122,0.0132
1479069,57694.0210,z,20.9773,0.0257
1479069,57694.0250,g,20.0258,0.0053
1479069,57694.0270,r,20.0291,0.0064
1479069,57694.0290,i,20.4039,0.0102
1479069,57694.0350,z,21.0464,0.0232
1479069,57701.0260,g,20.4056,0.0172
1479069,57701.0280,r,20.2882,0.0136
1479069,57701.0300,i,20.7126,0.0188
1479069,57701.0360,z,21.3409,0.0382
1479069,57701.0390,g,20.4296,0.0180
1479069,57701.0420,r,20.3038,0.0137
1479069,57701.0440,i,20.7404,0.0189
1479069,57701.0480,z,21.4552,0.0454
1479069,57708.0500,g,21.0600,0.0266
1479069,57708.0520,r,20.5941,0.0159
1479069,57708.0540,i,21.0224,0.0235
1479069,57708.0570,z,21.6855,0.0503
1479069,57708.0630,g,21.0918,0.0355
1479069,57708.0650,r,20.7037,0.0198
1479069,57708.0670,i,21.0692,0.0253
1479069,57708.0730,z,21.7030,0.0473
1479069,57714.0440,g,21.6884,0.0301
1479069,57714.0460,r,20.8391,0.0176
1479069,57714.0480,i,21.0737,0.0247
1479069,57714.0530,z,21.5170,0.0452
1479069,57714.0570,g,21.6645,0.0182
1479069,57714.0590,r,20.9140,0.0128
1479069,57714.0610,i,21.1167,0.0193
1479069,57714.0660,z,21.6134,0.0452
1479069,57718.0280,g,21.8951,0.0539
1479069,57718.0310,r,21.0149,0.0270
1479069,57718.0330,i,21.0965,0.0366
1479069,57718.0360,z,21.4528,0.0549
1479069,57718.0420,g,22.0267,0.0376
1479069,57718.0440,r,21.0306,0.0183
1479069,57718.0460,i,21.1493,0.0253
1479069,57718.0520,z,21.4926,0.0443
1479069,57719.0290,g,22.0606,0.0406
1479069,57719.0310,r,21.0662,0.0178
1479069,57719.0330,i,21.1060,0.0233
1479069,57719.0360,z,21.4458,0.0336
1479069,57719.0450,g,22.0618,0.0283
1479069,57719.0480,r,21.0553,0.0147
1479069,57719.0500,i,21.1312,0.0205
1479069,57719.0520,z,21.4841,0.0357
1479069,57723.1160,g,22.2516,0.0427
1479069,57723.1190,r,21.1716,0.0214
1479069,57723.1210,i,21.1599,0.0272
1479069,57723.1230,z,21.3008,0.0494
1479069,57723.1300,g,22.3468,0.0442
1479069,57723.1320,r,21.2359,0.0211
1479069,57723.1340,i,21.2121,0.0349
1479069,57723.1400,z,21.3911,0.0397
1479069,57730.0390,g,22.5893,0.1046
1479069,57730.0420,r,21.4173,0.0290
1479069,57730.0440,i,21.3465,0.0256
1479069,57730.0490,z,21.3463,0.0270
1479069,57730.0530,g,22.7514,0.1156
1479069,57730.0550,r,21.4703,0.0401
1479069,57730.0570,i,21.4429,0.0357
1479069,57730.0630,z,21.4378,0.0340
1479069,57740.0440,g,22.8990,0.0578
1479069,57740.0460,r,21.8368,0.0225
1479069,57740.0480,i,21.8329,0.0256
1479069,57740.0500,z,21.8789,0.0306
1479069,57740.0570,g,23.0054,0.0469
1479069,57740.0590,r,21.9607,0.0229
1479069,57740.0610,i,21.9461,0.0272
1479069,57740.0640,z,21.9330,0.0325
1479069,57747.0430,g,23.0711,0.1117
1479069,57747.0460,r,21.9856,0.0347
1479069,57747.0480,i,22.0925,0.0428
1479069,57747.0500,z,22.1658,0.0538
1479069,57747.0570,g,23.2927,0.0656
1479069,57747.0590,r,22.0932,0.0282
1479069,57747.0610,i,22.1378,0.0374
1479069,57747.0640,z,22.2546,0.0562
1479069,57751.0580,g,23.1314,0.1220
1479069,57751.0600,r,22.1150,0.0491
1479069,57751.0620,i,22.2371,0.0773
1479069,57751.0670,z,22.1634,0.0886
1479069,57752.0590,g,23.1387,0.0772
1479069,57752.0610,r,22.2994,0.0488
1479069,57752.0640,i,22.3939,0.0713
1479069,57752.0690,z,22.5567,0.1021
1479069,57759.0660,r,22.5012,0.0920
1479069,57759.0680,i,22.3527,0.0718
1479069,57759.0710,z,22.5932,0.1037
1479069,57760.0500,g,23.2625,0.2532
1479069,57760.0530,r,22.4509,0.0944
1479069,57760.0550,i,22.5060,0.1017
1479069,57760.0600,z,22.7506,0.1289
1479069,57772.0400,g,23.3224,0.2712
1479069,57772.0420,r,22.6497,0.0996
1479069,57772.0440,i,22.6470,0.0997
1479069,57772.0490,z,22.8040,0.1480
1479069,57773.0460,g,23.6469,0.1691
1479069,57773.0490,r,22.7518,0.0655
1479069,57773.0510,i,23.0958,0.1064
1479069,57773.0530,z,23.0705,0.1252
1479069,57780.0390,r,22.9026,0.1887
1479069,57780.0410,i,23.1797,0.2398
1479069,57780.0440,z,23.0722,0.2442
1479069,57781.0390,r,22.6587,0.1280
1479069,57781.0410,i,23.1743,0.1899
1479069,57781.0440,z,23.0577,0.2017
1479069,57990.2310,g,24.6869,0.3488
1500031,57680.0160,g,23.9416,0.3217
1500031,57680.0190,r,23.2555,0.2359
1500031,57680.0210,i,23.2128,0.3422
1500031,57681.0150,g,23.0448,0.1387
1500031,57681.0170,r,22.7911,0.1529
1500031,57681.0190,i,23.3534,0.3528
1500031,57682.0160,g,22.9762,0.0947
1500031,57682.0190,r,22.7621,0.1142
1500031,57682.0210,i,22.8488,0.1764
1500031,57682.0260,z,22.6081,0.1839
1500031,57686.0200,g,22.5852,0.0536
1500031,57686.0230,r,22.3478,0.0785
1500031,57686.0250,i,22.1526,0.1171
1500031,57686.0280,z,22.4294,0.1861
1500031,57694.0250,g,22.5100,0.0328
1500031,57694.0270,r,22.0453,0.0307
1500031,57694.0290,i,22.0728,0.0430
1500031,57694.0350,z,22.2870,0.0748
1500031,57701.0390,g,22.7802,0.1598
1500031,57701.0420,r,22.2670,0.0766
1500031,57701.0440,i,22.1877,0.0681
1500031,57701.0480,z,22.4673,0.1138
1500031,57708.0650,r,22.5535,0.1049
1500031,57708.0670,i,22.3982,0.0862
1500031,57708.0730,z,22.5840,0.1129
1500031,57714.0570,g,23.9081,0.1247
1500031,57714.0590,r,22.9025,0.0682
1500031,57714.0610,i,22.7332,0.0799
1500031,57714.0660,z,22.9483,0.1632
1500031,57718.0420,g,24.4115,0.3286
1500031,57718.0440,r,23.0331,0.1083
1500031,57718.0460,i,22.9370,0.1285
1500031,57718.0520,z,22.9959,0.1840
1500031,57719.0450,g,24.6516,0.2768
1500031,57719.0480,r,23.3434,0.1035
1500031,57719.0500,i,22.8661,0.0954
1500031,57719.0520,z,23.1485,0.1690
1500031,57723.1320,r,23.5299,0.1618
1500031,57723.1340,i,23.1166,0.1994
1500031,57723.1400,z,23.1261,0.2008
1500031,57730.0550,r,23.6245,0.2873
1500031,57730.0570,i,23.1330,0.1640
1500031,57730.0630,z,23.0560,0.1530
1500031,57740.0570,g,25.2748,0.3268
1500031,57740.0590,r,24.3629,0.1770
1500031,57740.0610,i,23.5421,0.1055
1500031,57740.0640,z,23.5661,0.1507
1500031,57747.0590,r,24.6065,0.2604
1500031,57747.0610,i,23.7248,0.1540
1500031,57747.0640,z,23.8819,0.2672
1500031,57752.0640,i,23.9641,0.2961
1500031,57752.0690,z,23.6229,0.2792
1500031,57760.0600,z,23.4902,0.2721
1500031,57773.0510,i,24.3541,0.3119
1502029,57681.0930,g,23.2754,0.1248
1502029,57681.0960,r,22.9323,0.1627
1502029,57681.0980,i,23.0831,0.3512
1502029,57686.0930,g,22.9574,0.1270
1502029,57686.0960,r,22.5645,0.1346
1502029,57686.0980,i,22.6619,0.2181
1502029,57686.1030,z,22.5470,0.2438
1502029,57687.0910,g,22.9341,0.0957
1502029,57687.0930,r,22.4915,0.1002
1502029,57687.0950,i,22.5615,0.1477
1502029,57687.0980,z,22.8079,0.2440
1502029,57694.1990,g,23.3603,0.1032
1502029,57694.2010,r,22.4232,0.0665
1502029,57694.2030,i,22.5412,0.1208
1502029,57694.2050,z,22.4898,0.1369
1502029,57701.0700,r,22.4302,0.1089
1502029,57701.0720,i,22.5055,0.1267
1502029,57701.0750,z,22.7082,0.1741
1502029,57708.0940,r,21.9383,0.3486
1502029,57708.0980,z,22.4971,0.2931
1502029,57709.0370,r,22.8014,0.0934
1502029,57709.0390,i,22.9895,0.1372
1502029,57709.0450,z,23.0134,0.1738
1502029,57714.1860,r,23.3659,0.1290
1502029,57714.1880,i,23.8322,0.2903
1502029,57714.1930,z,23.2644,0.2422
1502029,57718.0720,r,23.6366,0.1919
1502029,57718.0740,i,23.3407,0.1668
1502029,57718.0800,z,23.4850,0.1998
1502029,57722.0750,r,23.9132,0.1841
1502029,57722.0770,i,23.2087,0.1501
1502029,57722.0790,z,23.2729,0.2240
1502029,57728.0480,r,24.0521,0.2702
1502029,57728.0500,i,24.0061,0.3196
1502029,57728.0550,z,23.4193,0.2267
1502029,57739.1240,z,23.5851,0.2951
1502029,57744.0670,i,23.8554,0.2797
1504139,57673.2750,z,24.8677,0.2948
1504139,57680.3290,r,23.2991,0.1971
1504139,57681.1170,g,23.3767,0.1937
1504139,57681.1290,i,23.2204,0.2726
1504139,57681.3060,z,23.3803,0.0849
1504139,57682.1080,r,23.1043,0.0668
1504139,57683.1880,i,23.0464,0.0459
1504139,57686.2880,g,23.3280,0.0605
1504139,57686.3180,z,23.0314,0.0853
1504139,57686.3610,r,22.6292,0.0311
1504139,57687.1920,g,23.3395,0.0558
1504139,57687.2040,i,22.7144,0.0473
1504139,57694.1260,r,22.4547,0.0202
1504139,57694.1380,z,22.5784,0.0485
1504139,57694.2600,g,23.3413,0.0563
1504139,57694.2790,i,22.6067,0.0385
1504139,57701.1300,g,23.8531,0.1215
1504139,57701.1490,r,22.5367,0.0225
1504139,57701.1600,i,22.6803,0.0275
1504139,57701.2010,z,22.6105,0.0320
1504139,57708.1660,i,22.6791,0.0412
1504139,57708.2060,z,22.7429,0.0503
1504139,57709.0740,g,24.8910,0.3550
1504139,57709.0820,r,22.8894,0.0514
1504139,57714.0980,i,22.9481,0.0419
1504139,57714.1220,z,23.0271,0.0568
1504139,57714.2830,r,23.1171,0.0523
1504139,57715.1010,g,24.7107,0.2926
1504139,57716.2260,g,24.9846,0.2618
1504139,57718.2410,r,23.3775,0.0378
1504139,57718.2610,i,23.1771,0.0459
1504139,57719.0950,z,23.2490,0.0579
1504139,57722.2870,r,23.8141,0.0639
1504139,57723.0950,i,23.2463,0.0804
1504139,57723.1420,z,23.5535,0.0884
1504139,57729.0350,r,24.4285,0.1404
1504139,57730.1280,i,23.5610,0.0769
1504139,57730.1350,z,23.6323,0.1068
1504139,57739.1390,r,24.9324,0.2456
1504139,57739.2050,i,24.0681,0.1148
1504139,57739.2210,z,23.8900,0.1414
1504139,57746.0850,r,25.1945,0.1450
1504139,57746.1100,i,24.4682,0.1064
1504139,57746.1400,z,23.8017,0.0849
1504139,57750.1760,i,24.6358,0.3238
1504139,57751.0860,i,24.2843,0.1399
1504139,57751.1160,z,24.1227,0.1596
1504139,57756.1450,r,25.5523,0.2918
1504139,57756.1640,i,24.7046,0.1973
1504139,57757.1130,z,24.0961,0.1769
1504139,57770.0860,z,24.4756,0.1807
1504139,57771.0920,r,25.6734,0.2469
1504139,57771.1210,i,24.9102,0.1905
1504139,57778.1010,z,24.4896,0.2420
1504139,57779.0910,i,25.0935,0.3052
1504139,57782.0860,r,25.1274,0.2728
1504139,57782.1210,z,24.8283,0.3149
1504139,57784.0740,i,24.9661,0.2628
1504139,57803.0400,i,25.3734,0.3365
1530193,57660.3570,r,24.8964,0.3593
1530193,57686.1310,r,23.9927,0.1895
1530193,57686.2660,i,24.0264,0.2656
1530193,57687.1130,z,23.1781,0.1815
1530193,57694.0750,g,23.8060,0.1061
1530193,57694.0910,r,23.7551,0.0977
1530193,57694.1060,i,23.6734,0.1481
1530193,57695.1230,z,22.8183,0.0837
1530193,57701.0870,g,21.0436,0.0196
1530193,57701.1000,r,20.9905,0.0100
1530193,57701.1060,i,21.0895,0.0112
1530193,57702.0530,z,21.0873,0.0147
1530193,57708.1250,i,20.2925,0.0084
1530193,57709.0510,g,20.0363,0.0041
1530193,57709.0670,r,20.0527,0.0036
1530193,57709.1280,z,20.4912,0.0088
1530193,57714.0760,i,20.1819,0.0067
1530193,57714.1970,g,19.9248,0.0038
1530193,57715.0480,r,19.8746,0.0045
1530193,57715.0860,z,20.4662,0.0109
1530193,57718.0830,g,19.9956,0.0034
1530193,57718.1740,i,20.2265,0.0051
1530193,57720.2050,r,19.9185,0.0041
1530193,57721.1070,z,20.6792,0.0138
1530193,57723.0380,g,20.2143,0.0064
1530193,57723.0440,i,20.3467,0.0071
1530193,57725.0430,r,20.0875,0.0042
1530193,57725.1180,z,20.9342,0.0134
1530193,57730.0710,g,20.7732,0.0130
1530193,57730.0840,i,20.7783,0.0089
1530193,57730.1860,r,20.2274,0.0140
1530193,57739.0690,z,21.1250,0.0128
1530193,57739.1650,g,21.6296,0.0413
1530193,57740.0720,r,20.7718,0.0055
1530193,57740.0910,i,20.8549,0.0075
1530193,57744.0750,g,22.0400,0.0226
1530193,57744.0840,z,21.0462,0.0101
1530193,57747.0720,r,21.0023,0.0061
1530193,57747.0930,i,20.8904,0.0089
1530193,57750.0680,g,22.4499,0.0347
1530193,57750.0840,z,20.9202,0.0138
1530193,57752.0910,r,21.1888,0.0100
1530193,57752.1150,i,20.9422,0.0105
1530193,57756.0920,g,22.6702,0.0484
1530193,57757.0460,z,21.1430,0.0164
1530193,57762.0640,i,21.5116,0.0277
1530193,57763.0530,r,21.7882,0.0488
1530193,57770.0420,g,23.1453,0.0666
1530193,57771.0400,z,21.8404,0.0219
1530193,57772.0530,i,21.8893,0.0274
1530193,57773.0790,r,21.9470,0.0142
1530193,57778.0450,g,23.0814,0.0958
1530193,57779.0630,z,22.1542,0.0515
1530193,57780.0700,i,22.1633,0.0387
1530193,57781.0640,r,22.0285,0.0311
1530193,57782.0450,g,22.5803,0.0643
1530193,57791.0380,i,22.0006,0.0711
1530193,57994.2520,g,24.2673,0.2290
1530193,57994.2680,r,24.0175,0.1897
1530193,57994.3640,z,23.8285,0.2736
1530193,58008.3730,i,23.1675,0.1435
1530193,58009.3200,z,23.5882,0.1723
1574062,57709.0370,r,23.9312,0.2304
1574062,57709.0390,i,23.6374,0.2011
1574062,57709.0450,z,23.5866,0.2726
1574062,57714.1830,g,24.2006,0.1875
1574062,57714.1860,r,23.4572,0.1189
1574062,57714.1880,i,23.2808,0.1497
1574062,57714.1930,z,23.0584,0.1823
1574062,57718.0720,r,23.2747,0.1156
1574062,57718.0740,i,23.2906,0.1336
1574062,57718.0800,z,23.1435,0.1312
1574062,57722.0720,g,25.0892,0.3455
1574062,57722.0750,r,23.2523,0.0847
1574062,57722.0770,i,23.0580,0.1080
1574062,57722.0790,z,23.2407,0.1913
1574062,57728.0480,r,23.3654,0.1255
1574062,57728.0500,i,23.3793,0.1504
1574062,57728.0550,z,23.1603,0.1569
1574062,57739.1190,i,23.7735,0.2453
1574062,57739.1240,z,23.6893,0.2861
1574062,57744.0640,r,24.1772,0.2517
1574062,57744.0670,i,23.5643,0.1832
1574062,57750.0590,i,24.1140,0.2918
1574062,57756.0690,i,23.9464,0.3071
1574062,57991.2600,g,24.2056,0.3586
1574062,57999.2640,g,21.8017,0.3394
1578103,57714.2380,g,22.7513,0.0874
1578103,57714.2400,r,22.4782,0.1059
1578103,57714.2420,i,22.3026,0.1431
1578103,57714.2480,z,22.7663,0.2740
1578103,57718.1790,g,21.4883,0.0213
1578103,57718.1820,r,21.3649,0.0218
1578103,57718.1840,i,21.3173,0.0333
1578103,57718.1860,z,21.4736,0.0500
1578103,57723.0770,g,20.9104,0.0146
1578103,57723.0790,r,20.8008,0.0178
1578103,57723.0810,i,20.8299,0.0294
1578103,57723.0870,z,21.1340,0.0430
1578103,57730.1000,g,20.7916,0.0354
1578103,57730.1030,r,20.5823,0.0277
1578103,57730.1050,i,20.7097,0.0264
1578103,57730.1100,z,21.1764,0.0412
1578103,57739.1680,g,21.3125,0.0479
1578103,57739.1700,r,20.8587,0.0264
1578103,57739.1730,i,21.1429,0.0335
1578103,57739.1780,z,21.5641,0.0577
1578103,57746.0430,g,22.0902,0.0308
1578103,57746.0460,r,21.2481,0.0177
1578103,57746.0480,i,21.3591,0.0252
1578103,57746.0510,z,21.6772,0.0368
1578103,57750.1240,g,22.5154,0.0644
1578103,57750.1260,r,21.4284,0.0337
1578103,57750.1280,i,21.4502,0.0501
1578103,57750.1310,z,21.5415,0.0699
1578103,57756.0780,g,23.3427,0.1432
1578103,57756.0800,r,21.6474,0.0419
1578103,57756.0820,i,21.4991,0.0517
1578103,57756.0850,z,21.4543,0.0578
1578103,57770.0530,r,22.3719,0.0562
1578103,57770.0550,i,22.2945,0.0710
1578103,57770.0600,z,22.1146,0.0707
1578103,57778.0480,g,23.6790,0.2124
1578103,57778.0500,r,22.7815,0.1430
1578103,57778.0520,i,22.6989,0.2279
1578103,57778.0550,z,22.7419,0.3151
1578103,57782.0540,g,23.9790,0.2771
1578103,57782.0560,r,22.6666,0.1277
1578103,57782.0580,i,22.9824,0.2134
1578103,57782.0630,z,22.2984,0.1276
1634024,57722.0520,r,23.8532,0.1915
1634024,57728.0340,r,23.4515,0.2202
1634024,57728.0360,i,23.4072,0.2083
1634024,57728.0420,z,23.2296,0.1899
1634024,57739.1040,r,23.1332,0.1415
1634024,57739.1060,i,23.3201,0.1690
1634024,57739.1080,z,22.9553,0.1327
1634024,57744.0510,r,23.3948,0.1420
1634024,57744.0530,i,23.1316,0.1271
1634024,57744.0560,z,23.3403,0.2028
1634024,57750.0440,r,23.4639,0.1782
1634024,57750.0460,i,23.4255,0.2023
1634024,57750.0510,z,23.5972,0.2836
1634024,57756.0550,i,23.3735,0.2101
1634024,57756.0600,z,23.5369,0.3204
1634024,57773.0680,z,24.0055,0.2874
1634024,58004.3160,g,22.5805,0.3343
1643063,57722.0520,r,24.4986,0.3289
1643063,57728.0340,r,23.4815,0.2257
1643063,57728.0360,i,23.7576,0.2967
1643063,57739.1040,r,23.1176,0.1335
1643063,57739.1060,i,23.2357,0.1608
1643063,57739.1090,z,23.4213,0.2122
1643063,57744.0490,g,24.6524,0.3274
1643063,57744.0510,r,23.0487,0.1054
1643063,57744.0530,i,23.2037,0.1381
1643063,57744.0560,z,23.5434,0.2444
1643063,57750.0440,r,23.5030,0.1848
1643063,57756.0530,r,23.5717,0.2050
1643063,57763.0670,r,23.3076,0.3405
1643063,57773.0650,i,24.4761,0.3586
1643063,57773.0680,z,23.8790,0.2597
1643063,57781.0580,z,23.4918,0.3512
1703026,57756.0780,g,24.3147,0.3094
1703026,57756.0800,r,23.8538,0.2431
1703026,57756.0850,z,23.6413,0.3536
1703026,57770.0510,g,22.9730,0.0659
1703026,57770.0530,r,22.3433,0.0426
1703026,57770.0550,i,22.3931,0.0575
1703026,57770.0600,z,22.3881,0.0743
1703026,57778.0480,g,23.3522,0.1459
1703026,57778.0500,r,22.5253,0.0897
1703026,57778.0520,i,22.6167,0.1536
1703026,57778.0550,z,22.6387,0.2368
1703026,57782.0540,g,23.8141,0.2174
1703026,57782.0560,r,22.9930,0.1301
1703026,57782.0580,i,22.6637,0.1247
1703026,57782.0640,z,23.0262,0.2046
1770639,57986.3350,g,22.4251,0.0698
1770639,57986.3370,r,22.4007,0.0853
1770639,57991.2600,g,21.7059,0.0612
1770639,57991.2620,r,21.7449,0.1089
1770639,57995.4090,g,21.4731,0.0719
1770639,57995.4110,r,21.3489,0.0760
1770639,57998.2280,r,21.2467,0.1328
1770639,57998.2370,z,21.9551,0.2837
1770639,57999.2660,r,21.2835,0.1043
1770639,58004.3370,z,21.7786,0.2862
1770639,58008.1970,g,21.2474,0.0789
1770639,58008.1990,r,21.0814,0.1125
1770639,58008.2040,z,21.7859,0.2016
1770639,58010.1930,g,21.3567,0.0251
1770639,58010.1950,r,21.1994,0.0241
1770639,58019.1800,g,21.9281,0.0440
1770639,58019.1830,r,21.6899,0.0400
1770639,58026.1650,r,22.0012,0.1454
1770639,58026.1710,z,21.7756,0.2149
1770639,58036.2270,g,22.8926,0.2712
1770639,58036.2300,r,22.5694,0.1449
1770639,58036.2350,z,22.3616,0.3199
1770639,58040.1480,g,23.1715,0.1681
1770639,58040.1500,r,22.4593,0.0907
1770639,58045.0980,g,23.7436,0.2543
1770639,58045.1000,r,22.7500,0.1492
1770639,58052.2180,g,23.9257,0.3272
1770639,58052.2200,r,23.0693,0.1747
1770639,58064.0670,r,23.7525,0.2553
1770639,58071.0700,r,23.4875,0.1848
1770639,58076.1380,r,23.9586,0.2552
1777122,57986.2870,g,22.8904,0.0820
1777122,57986.2890,r,22.5496,0.0856
1777122,57986.2920,i,22.9780,0.1794
1777122,57986.2940,z,23.3918,0.3604
1777122,57990.3880,g,22.6717,0.0568
1777122,57990.3900,r,22.2780,0.0501
1777122,57990.3920,i,22.3465,0.0823
1777122,57990.3940,z,22.7896,0.1788
1777122,57994.3310,g,22.9530,0.0863
1777122,57994.3340,r,22.2945,0.0664
1777122,57994.3360,i,22.1991,0.1320
1777122,57994.3410,z,22.6793,0.2953
1777122,57995.2390,g,22.5263,0.3328
1777122,57995.2450,z,21.6075,0.2710
1777122,57996.2530,r,22.3110,0.2952
1777122,57996.2550,i,22.8158,0.3547
1777122,57996.2570,z,22.7173,0.3084
1777122,58008.3860,r,22.8759,0.2617
1777122,58008.3880,i,22.5564,0.1735
1777122,58015.1800,r,23.1748,0.1521
1777122,58015.1820,i,22.9204,0.2264
1777122,58015.1850,z,22.7423,0.2884
1777122,58019.1690,r,23.3936,0.2041
1777122,58019.1710,i,23.2985,0.2471
1777122,58052.0830,i,23.6934,0.3362
1810306,57986.3230,r,23.6603,0.2380
1810306,57991.3000,r,23.2788,0.1776
1810306,57996.3690,g,23.8459,0.3153
1810306,57999.3170,r,23.3544,0.2697
1810306,57999.3190,i,22.9898,0.2871
1810306,57999.3220,z,23.2594,0.3008
1810306,58010.2420,r,23.1167,0.1039
1810306,58010.2440,i,23.1379,0.1473
1810306,58010.2470,z,22.9104,0.1480
1810306,58015.2490,r,23.4795,0.1701
1810306,58015.2510,i,23.1243,0.1955
1810306,58021.2930,r,23.9657,0.2541
1810306,58021.2980,z,23.2250,0.2168
1810306,58064.2020,g,23.5641,0.2898
1815065,58021.2910,g,23.9668,0.2604
1815065,58028.1910,g,21.4501,0.1603
1815065,58028.1940,r,21.4261,0.0999
1815065,58028.1960,i,21.1172,0.0921
1815065,58028.2010,z,21.5258,0.1346
1815065,58036.2640,g,20.3612,0.0329
1815065,58036.2670,r,20.1969,0.0220
1815065,58036.2690,i,20.3676,0.0299
1815065,58036.2740,z,20.9516,0.0460
1815065,58040.2680,g,20.4075,0.0121
1815065,58040.2700,r,20.1354,0.0126
1815065,58040.2720,i,20.3692,0.0228
1815065,58040.2750,z,20.9653,0.0426
1815065,58045.2560,g,20.6568,0.0144
1815065,58045.2590,r,20.2300,0.0131
1815065,58045.2610,i,20.5790,0.0292
1815065,58045.2630,z,21.2572,0.0592
1815065,58052.2710,g,21.3509,0.0215
1815065,58052.2730,r,20.6834,0.0180
1815065,58052.2760,i,21.0303,0.0372
1815065,58052.2810,z,21.4218,0.0585
1815065,58057.2020,g,22.0112,0.1250
1815065,58057.2050,r,20.8512,0.0330
1815065,58057.2070,i,20.9464,0.0429
1815065,58057.2090,z,21.2673,0.0537
1815065,58064.2020,g,22.4275,0.2759
1815065,58064.2050,r,21.1296,0.0703
1815065,58064.2070,i,20.9895,0.0482
1815065,58064.2120,z,21.0633,0.0473
1815065,58071.1910,g,22.9434,0.0823
1815065,58071.1930,r,21.6737,0.0353
1815065,58071.1950,i,21.5953,0.0521
1815065,58071.2000,z,21.4677,0.0563
1815065,58076.2450,g,22.9906,0.1120
1815065,58076.2470,r,21.9365,0.0564
1815065,58076.2490,i,21.7587,0.0940
1815065,58076.2540,z,22.1403,0.1885
1815065,58082.1870,g,23.0269,0.1216
1815065,58082.1890,r,22.2375,0.0848
1815065,58082.1910,i,21.9493,0.1338
1815065,58082.1970,z,22.0490,0.1617
1815065,58092.0770,r,22.7269,0.3342
1815065,58094.0940,g,23.3669,0.1143
1815065,58094.0970,r,22.2929,0.0564
1815065,58094.0990,i,22.5844,0.1258
1815065,58094.1040,z,22.5472,0.1440
1815065,58100.1120,g,23.2162,0.1217
1815065,58100.1140,r,22.2765,0.1809
1815065,58100.1210,z,22.4868,0.3472
1815065,58108.1520,g,23.4521,0.1316
1815065,58108.1550,r,22.7099,0.0837
1815065,58108.1570,i,22.9947,0.1804
1815065,58108.1620,z,22.7567,0.1742
1815065,58113.0770,g,23.4604,0.2271
1815065,58113.0790,r,22.7930,0.1278
1815065,58113.0810,i,23.0722,0.2336
1815065,58113.0840,z,23.3235,0.3021
1815065,58123.0440,g,23.8113,0.2153
1815065,58123.0460,r,22.9808,0.1108
1815065,58123.0490,i,22.9647,0.1818
1815065,58123.0510,z,22.8538,0.1606
1815065,58130.0430,g,23.4936,0.3151
1815065,58130.0450,r,23.2897,0.3103
1815065,58137.0430,r,23.4990,0.3154
1833339,57994.2750,g,22.3091,0.1153
1833339,57999.3570,r,22.9517,0.2954
1833339,58007.2460,r,21.6799,0.1485
1833339,58008.3320,g,22.3930,0.1992
1833339,58008.3340,r,22.1709,0.1395
1833339,58008.3360,i,22.2226,0.1543
1833339,58015.2210,r,20.1306,0.0184
1833339,58015.2230,i,20.2615,0.0286
1833339,58019.2080,g,19.9143,0.0096
1833339,58019.2100,r,20.0439,0.0110
1833339,58019.2120,i,20.2021,0.0178
1833339,58026.3370,r,19.8603,0.1771
1833339,58026.3390,i,20.1034,0.1466
1833339,58028.1770,g,19.9258,0.0576
1833339,58028.1790,r,19.9184,0.0314
1833339,58028.1810,i,20.2130,0.0431
1833339,58029.3430,g,20.0840,0.0244
1833339,58029.3450,r,19.9450,0.0177
1833339,58029.3470,i,20.2704,0.0242
1833339,58036.3610,g,20.7880,0.0502
1833339,58036.3630,r,20.3414,0.0228
1833339,58036.3650,i,20.6448,0.0335
1833339,58040.3620,g,21.3189,0.0350
1833339,58040.3650,r,20.6210,0.0194
1833339,58040.3670,i,20.6487,0.0300
1833339,58046.1480,g,21.9161,0.0369
1833339,58046.1500,r,20.8753,0.0180
1833339,58046.1520,i,20.7023,0.0220
1833339,58053.1180,g,22.2748,0.0890
1833339,58053.1200,r,21.2681,0.0313
1833339,58053.1220,i,20.9878,0.0388
1833339,58057.3120,g,22.7017,0.0855
1833339,58057.3150,r,21.5516,0.0310
1833339,58057.3170,i,21.2777,0.0397
1833339,58064.3190,r,21.7584,0.1335
1833339,58064.3210,i,21.6010,0.1002
1833339,58071.3050,g,23.1327,0.1213
1833339,58071.3070,r,21.9658,0.0472
1833339,58071.3090,i,21.8538,0.0813
1833339,58079.1330,g,23.0883,0.1169
1833339,58079.1350,r,22.2054,0.0649
1833339,58079.1370,i,22.1818,0.1121
1833339,58084.3000,g,23.3113,0.1884
1833339,58084.3020,r,22.3414,0.0905
1833339,58084.3040,i,22.4040,0.1943
1833339,58092.1780,r,22.7771,0.2858
1833339,58092.1800,i,22.5232,0.2065
1833339,58099.0850,g,23.5281,0.1321
1833339,58099.0880,r,22.6333,0.0694
1833339,58099.0900,i,22.5798,0.1344
1833339,58108.0480,g,23.3515,0.1409
1833339,58108.0500,r,22.9622,0.1053
1833339,58108.0520,i,22.9393,0.1417
1833339,58117.1620,r,22.9288,0.2610
1833339,58117.1640,i,23.2212,0.3519
1833339,58124.1880,r,23.4553,0.2653
1833339,58132.1130,g,23.7897,0.2108
1833339,58132.1160,r,23.4620,0.1667
1833339,58132.1180,i,23.7657,0.3614
1833339,58139.0430,r,23.3544,0.2209
1833339,58154.0890,g,24.0979,0.3094
1833339,58154.0910,r,23.6053,0.2375
1833339,58164.0320,r,24.3236,0.3467
1847148,57986.3050,i,23.5723,0.2865
1847148,57996.3540,g,23.5240,0.2915
1847148,57996.3580,i,22.8455,0.2384
1847148,58008.3130,z,22.6378,0.2489
1847148,58010.2260,g,24.0751,0.2025
1847148,58010.2310,i,22.9184,0.1257
1847148,58010.2340,z,22.6927,0.1267
1847148,58015.2370,i,22.6806,0.1195
1847148,58015.2430,z,22.9916,0.1951
1847148,58021.2820,i,22.9733,0.1772
1847148,58021.2880,z,22.8703,0.1659
1847148,58039.2050,i,23.7448,0.2353
1860025,58014.0660,r,23.9732,0.2209
1860025,58014.0710,z,23.7927,0.3390
1860025,58021.0470,g,21.8350,0.0542
1860025,58021.0490,r,21.9907,0.0860
1860025,58021.0510,i,21.9802,0.1111
1860025,58021.0540,z,22.3094,0.1980
1860025,58025.0380,g,21.4430,0.0833
1860025,58025.0400,r,21.6337,0.0755
1860025,58025.0430,i,21.5385,0.0815
1860025,58025.0450,z,21.8690,0.1399
1860025,58036.0060,g,21.5069,0.0301
1860025,58036.0080,r,21.2732,0.0255
1860025,58036.0100,i,21.4035,0.0434
1860025,58036.0160,z,21.9806,0.1082
1860025,58039.9990,g,21.7638,0.0360
1860025,58040.0020,r,21.4614,0.0336
1860025,58040.0040,i,21.5521,0.0468
1860025,58040.0090,z,22.3701,0.1232
1860025,58045.0020,g,22.2659,0.0578
1860025,58045.0050,r,21.7802,0.0410
1860025,58045.0070,i,21.8757,0.0686
1860025,58045.0100,z,22.6868,0.1748
1860025,58052.0050,g,23.1063,0.1684
1860025,58052.0080,r,22.0859,0.0478
1860025,58052.0100,i,22.1116,0.0563
1860025,58052.0150,z,22.6558,0.1332
1860025,58057.0160,r,22.3206,0.0966
1860025,58057.0180,i,22.2544,0.0754
1860025,58057.0200,z,22.3586,0.0810
1860025,58064.0160,r,22.7479,0.0902
1860025,58064.0210,z,22.6212,0.1164
1860025,58071.0260,g,23.9992,0.2029
1860025,58071.0290,r,22.9063,0.0871
1860025,58071.0310,i,23.1029,0.1246
1860025,58071.0340,z,22.8035,0.1248
1860025,58076.0450,g,24.5801,0.3272
1860025,58076.0470,r,23.2120,0.1206
1860025,58076.0490,i,23.1080,0.1293
1860025,58076.0520,z,23.0870,0.1683
1860025,58081.0460,r,23.2989,0.1288
1860025,58081.0490,i,23.4160,0.1784
1860025,58081.0510,z,23.0886,0.1568
1860025,58085.1060,z,22.9874,0.3151
1860025,58086.0490,r,23.1448,0.2522
1860025,58099.1050,i,23.5749,0.2322
1860025,58107.0890,r,24.3370,0.2782
1860025,58107.0910,i,24.4020,0.3465
1860025,58125.0480,r,24.0575,0.2591
1860025,58133.0500,r,23.9434,0.2914
1860025,58133.0520,i,23.7408,0.2989
1862039,57999.3150,g,22.9968,0.3437
1862039,58015.2460,g,24.4871,0.3370
1862039,58015.2490,r,24.0262,0.3048
1862039,58021.2910,g,23.0283,0.0938
1862039,58021.2930,r,22.4906,0.0758
1862039,58021.2960,i,22.5282,0.0955
1862039,58021.2980,z,22.6012,0.1252
1862039,58028.1910,g,22.7036,0.2939
1862039,58028.1940,r,21.9944,0.1213
1862039,58028.1960,i,22.1298,0.1389
1862039,58028.2010,z,22.5855,0.2453
1862039,58036.2640,g,22.6428,0.1930
1862039,58036.2670,r,21.9405,0.0764
1862039,58036.2690,i,22.0256,0.0790
1862039,58036.2740,z,22.3738,0.1138
1862039,58040.2680,g,22.9918,0.0791
1862039,58040.2700,r,22.1732,0.0524
1862039,58040.2720,i,22.2502,0.0739
1862039,58040.2750,z,22.9544,0.1787
1862039,58045.2560,g,23.5712,0.1215
1862039,58045.2590,r,22.4583,0.0620
1862039,58045.2610,i,22.5665,0.1067
1862039,58045.2630,z,22.9864,0.2005
1862039,58052.2710,g,24.1327,0.1930
1862039,58052.2730,r,22.9340,0.0924
1862039,58052.2760,i,22.6581,0.1001
1862039,58052.2810,z,22.7305,0.1332
1862039,58057.2050,r,23.4608,0.2584
1862039,58057.2070,i,22.9264,0.1536
1862039,58057.2090,z,22.6831,0.1376
1862039,58064.2070,i,23.4180,0.2753
1862039,58064.2120,z,23.5031,0.2997
1862039,58071.1930,r,23.9527,0.1966
1862039,58071.1950,i,23.6366,0.2048
1862039,58076.2490,i,23.4774,0.2801
1862039,58082.1910,i,23.1900,0.2573
1862039,58094.0970,r,24.5596,0.3097
1864053,57998.2440,g,22.0483,0.1999
1864053,57999.2550,r,22.2296,0.3555
1864053,58008.2100,g,21.1450,0.0934
1864053,58008.3730,i,21.4848,0.0440
1864053,58009.3190,z,21.5988,0.0664
1864053,58010.2040,g,20.6650,0.0119
1864053,58010.2100,r,20.6824,0.0162
1864053,58015.2640,i,19.8009,0.0065
1864053,58015.2920,z,19.9094,0.0156
1864053,58019.2270,z,19.8525,0.0092
1864053,58019.3000,g,19.1665,0.0041
1864053,58019.3090,r,19.2484,0.0049
1864053,58021.1870,i,19.6686,0.0067
1864053,58026.1810,g,19.1931,0.0153
1864053,58028.2100,g,19.4031,0.0198
1864053,58028.2950,i,19.7932,0.0078
1864053,58029.3620,g,19.4796,0.0127
1864053,58036.1400,r,19.6933,0.0131
1864053,58036.1520,z,20.1694,0.0191
1864053,58036.2490,i,19.9734,0.0081
1864053,58036.3570,g,20.2405,0.0395
1864053,58039.2170,g,20.7645,0.0129
1864053,58040.1610,r,19.9571,0.0101
1864053,58040.2020,i,20.0273,0.0079
1864053,58040.2410,z,20.1598,0.0132
1864053,58043.2860,g,21.1977,0.0197
1864053,58045.1220,r,20.1889,0.0136
1864053,58045.1280,i,20.1189,0.0082
1864053,58045.1800,z,20.1784,0.0120
1864053,58047.1730,g,21.6208,0.0292
1864053,58052.1010,z,20.4753,0.0217
1864053,58052.2310,r,20.7928,0.0192
1864053,58052.2610,i,20.6036,0.0122
1864053,58054.0810,g,21.7172,0.0768
1864053,58057.0930,r,20.9735,0.0397
1864053,58057.1190,i,20.9027,0.0187
1864053,58057.1330,z,20.8977,0.0257
1864053,58057.1790,g,21.4280,0.0701
1864053,58064.0980,g,22.2377,0.0919
1864053,58064.1120,r,21.0290,0.0767
1864053,58064.1230,i,21.2683,0.0271
1864053,58064.1680,z,21.4228,0.0437
1864053,58071.0840,g,22.7529,0.0774
1864053,58071.0950,r,21.4667,0.0372
1864053,58071.1160,i,21.6009,0.0291
1864053,58071.1340,z,22.0506,0.0619
1864053,58076.1720,g,22.9792,0.1038
1864053,58076.1870,r,22.0299,0.0751
1864053,58076.2250,i,22.1788,0.0524
1864053,58079.0720,z,22.3035,0.1135
1864053,58082.0940,g,22.8127,0.1148
1864053,58082.1030,r,22.0979,0.0704
1864053,58082.1230,i,21.8664,0.0411
1864053,58085.0480,z,22.0101,0.1304
1864053,58086.1090,r,21.6737,0.0741
1864053,58086.1290,i,22.2739,0.0638
1864053,58093.0340,g,22.9499,0.0998
1864053,58093.0850,z,23.6473,0.3219
1864053,58093.1310,r,22.0487,0.0980
1864053,58093.1660,i,23.0934,0.1621
1864053,58099.1590,g,22.8682,0.1418
1864053,58099.1730,r,22.9539,0.2036
1864053,58100.0450,i,22.8470,0.1043
1864053,58107.1170,g,23.1951,0.1189
1864053,58107.1240,r,23.5290,0.2124
1864053,58108.0890,i,22.7967,0.0624
1864053,58112.0630,r,22.5920,0.1043
1864053,58112.0800,g,22.8977,0.1014
1864053,58118.0510,i,22.7397,0.1488
1864053,58122.0560,g,23.6082,0.1710
1864053,58129.0700,g,23.6595,0.1638
1864053,58133.0980,g,23.2388,0.1529
1871023,57989.3640,g,20.7097,0.0236
1871023,57989.3660,r,20.8469,0.0523
1871023,57989.3710,z,20.5571,0.0595
1871023,57994.2750,g,20.3256,0.0232
1871023,57994.2770,r,20.5859,0.0296
1871023,57994.2820,z,20.5894,0.0623
1871023,57995.3430,g,19.7998,0.0770
1871023,57996.3370,g,20.1476,0.0225
1871023,57999.3550,g,20.0719,0.0366
1871023,58007.2440,g,20.3581,0.0705
1871023,58007.2460,r,20.6397,0.0741
1871023,58008.3320,g,20.3993,0.0368
1871023,58008.3340,r,20.6224,0.0457
1871023,58008.3380,z,20.4043,0.0324
1871023,58015.2210,r,20.5644,0.0337
1871023,58015.2260,z,20.2644,0.0367
1871023,58019.2080,g,20.5539,0.0174
1871023,58019.2100,r,20.7084,0.0230
1871023,58019.2150,z,20.4386,0.0242
1871023,58026.3410,z,19.9409,0.1297
1871023,58028.1770,g,20.6962,0.1249
1871023,58028.1790,r,20.8725,0.1027
1871023,58029.3430,g,20.7711,0.0499
1871023,58029.3450,r,20.9802,0.0594
1871023,58029.3500,z,20.6544,0.0292
1871023,58036.3610,g,21.0740,0.0757
1871023,58036.3630,r,21.3356,0.0754
1871023,58040.3620,g,21.6526,0.0511
1871023,58040.3650,r,21.7387,0.0589
1871023,58040.3700,z,21.4107,0.0988
1871023,58046.1480,g,21.7821,0.0382
1871023,58046.1500,r,21.9981,0.0653
1871023,58053.1180,g,22.1015,0.0877
1871023,58057.3120,g,22.3049,0.0733
1871023,58057.3150,r,22.4978,0.1643
1871023,58057.3190,z,21.9605,0.0871
1871023,58064.3170,g,21.5355,0.1518
1871023,58064.3190,r,21.7135,0.2060
1871023,58064.3250,z,21.5088,0.1324
1871023,58071.3050,g,21.4100,0.0307
1871023,58071.3070,r,21.7184,0.0495
1871023,58071.3120,z,21.4466,0.0642
1871023,58079.1330,g,20.7036,0.0182
1871023,58079.1350,r,20.9079,0.0260
1871023,58079.1410,z,20.7952,0.0483
1871023,58084.3000,g,20.9071,0.0262
1871023,58084.3020,r,21.1496,0.0424
1871023,58092.1750,g,20.3808,0.0634
1871023,58092.1780,r,21.1136,0.0744
1871023,58092.1810,z,20.9794,0.0590
1871023,58099.0850,g,20.7636,0.0163
1871023,58099.0880,r,21.0531,0.0317
1871023,58117.1590,g,20.8221,0.0741
1871023,58117.1620,r,21.1166,0.0634
1871023,58117.1660,z,20.7715,0.0319
1871023,58124.1860,g,21.4300,0.0752
1871023,58124.1880,r,21.6839,0.0998
1871023,58132.1130,g,21.7614,0.0414
1871023,58132.1160,r,22.0750,0.0621
1871023,58139.0400,g,21.4061,0.0583
1871023,58143.0820,g,21.2790,0.1121
1871023,58143.0850,r,21.7234,0.1091
1871023,58143.0900,z,21.4486,0.0854
1871023,58154.0890,g,22.1313,0.0664
1871023,58154.0910,r,21.9071,0.0626
1871023,58154.0960,z,21.6390,0.0780
1871023,58164.0300,g,22.5695,0.0903
1871023,58164.0320,r,22.8676,0.1932
1871023,58164.0370,z,22.0213,0.0926
1879187,58008.3210,i,22.1604,0.2722
1879187,58036.2670,r,23.6614,0.3460
1879187,58036.2690,i,23.3676,0.2679
1879187,58036.2740,z,23.0538,0.2053
1879187,58040.2700,r,23.4229,0.1575
1879187,58040.2720,i,23.2231,0.1729
1879187,58040.2750,z,23.6549,0.3291
1879187,58045.2560,g,24.7205,0.3555
1879187,58045.2590,r,23.6075,0.1709
1879187,58045.2610,i,23.4805,0.2290
1879187,58045.2630,z,23.1929,0.2257
1879187,58052.2730,r,23.8150,0.1942
1879187,58052.2760,i,23.6015,0.2216
1879187,58052.2810,z,22.9633,0.1577
1879187,58057.2070,i,23.8603,0.3553
1879187,58057.2090,z,23.1592,0.1985
1879187,58108.1570,i,24.1204,0.2948
1879208,57994.2750,g,23.5506,0.2043
1879208,57999.3570,r,23.3129,0.2657
1879208,58007.2440,g,22.8214,0.3260
1879208,58015.2210,r,22.4702,0.0907
1879208,58015.2230,i,22.4756,0.1173
1879208,58015.2260,z,21.7939,0.0833
1879208,58029.3430,g,23.4588,0.2997
1879208,58029.3450,r,23.4989,0.2680
1879208,58029.3470,i,23.9365,0.3458
1879208,58036.3610,g,21.6652,0.0648
1879208,58036.3630,r,21.6037,0.0453
1879208,58036.3650,i,21.7130,0.0454
1879208,58036.3710,z,22.0746,0.0647
1879208,58040.3620,g,20.8813,0.0138
1879208,58040.3650,r,20.9833,0.0169
1879208,58040.3670,i,21.0978,0.0231
1879208,58040.3720,z,21.3397,0.0373
1879208,58046.1480,g,20.4965,0.0074
1879208,58046.1500,r,20.5874,0.0096
1879208,58046.1520,i,20.8040,0.0132
1879208,58046.1550,z,21.2503,0.0233
1879208,58053.1180,g,20.5560,0.0119
1879208,58053.1200,r,20.5121,0.0110
1879208,58053.1220,i,20.7945,0.0170
1879208,58053.1250,z,21.4616,0.0359
1879208,58057.3120,g,20.7779,0.0104
1879208,58057.3150,r,20.6244,0.0098
1879208,58057.3170,i,20.8928,0.0152
1879208,58057.3200,z,21.5925,0.0366
1879208,58064.3170,g,21.2831,0.0590
1879208,58064.3190,r,20.8866,0.0396
1879208,58064.3210,i,21.3557,0.0421
1879208,58064.3260,z,22.1048,0.1018
1879208,58071.3050,g,22.1005,0.0285
1879208,58071.3070,r,21.3053,0.0179
1879208,58071.3090,i,21.4516,0.0294
1879208,58071.3120,z,22.0464,0.0654
1879208,58079.1330,g,22.7663,0.0489
1879208,58079.1350,r,21.6279,0.0253
1879208,58079.1370,i,21.5106,0.0319
1879208,58079.1430,z,21.8269,0.0501
1879208,58084.3000,g,23.0772,0.0872
1879208,58084.3020,r,21.8715,0.0400
1879208,58084.3040,i,21.6720,0.0529
1879208,58084.3090,z,21.7640,0.0767
1879208,58092.1780,r,22.1006,0.0937
1879208,58092.1800,i,22.0862,0.0687
1879208,58092.1830,z,22.0457,0.0637
1879208,58099.0850,g,23.7487,0.0931
1879208,58099.0880,r,22.5058,0.0413
1879208,58099.0900,i,22.4873,0.0650
1879208,58099.0930,z,22.4753,0.0832
1879208,58108.0480,g,23.9775,0.1420
1879208,58108.0500,r,22.7034,0.0559
1879208,58108.0520,i,22.7151,0.0630
1879208,58108.0550,z,22.8043,0.0892
1879208,58117.1620,r,22.7028,0.1361
1879208,58117.1640,i,22.8364,0.1363
1879208,58117.1670,z,22.9546,0.1377
1879208,58124.1880,r,22.9301,0.1022
1879208,58124.1910,i,23.2066,0.1231
1879208,58124.1930,z,23.1177,0.1226
1879208,58132.1130,g,24.2433,0.1809
1879208,58132.1160,r,23.2362,0.0883
1879208,58132.1180,i,23.6235,0.1705
1879208,58139.0430,r,23.3382,0.1406
1879208,58139.0450,i,23.4252,0.1875
1879208,58139.0500,z,23.4467,0.2046
1879208,58143.0850,r,23.4642,0.3338
1879208,58143.0870,i,23.6561,0.3473
1879208,58143.0890,z,23.2184,0.2452
1879208,58154.0890,g,24.6941,0.3149
1879208,58154.0910,r,23.9027,0.2015
1879208,58154.0930,i,23.3968,0.1678
1879208,58164.0300,g,24.4539,0.2329
1879208,58164.0320,r,23.7943,0.1371
1879208,58164.0340,i,23.8396,0.2085
1879208,58164.0370,z,23.9784,0.3237
1879649,57999.3550,g,22.4465,0.1939
1879649,57999.3570,r,22.7427,0.2054
1879649,58007.2440,g,22.0157,0.2031
1879649,58008.3340,r,23.3871,0.3218
1879649,58008.3380,z,23.1309,0.2782
1879649,58015.2210,r,21.7364,0.0703
1879649,58015.2230,i,21.8088,0.0910
1879649,58015.2260,z,21.4655,0.0782
1879649,58028.1770,g,21.4202,0.1360
1879649,58040.3620,g,21.0238,0.0192
1879649,58040.3650,r,21.0232,0.0238
1879649,58040.3670,i,21.0157,0.0288
1879649,58040.3720,z,21.1503,0.0369
1879649,58046.1480,g,21.0066,0.0137
1879649,58046.1500,r,20.8991,0.0159
1879649,58046.1520,i,20.8371,0.0178
1879649,58046.1550,z,20.9184,0.0205
1879649,58053.1180,g,20.9653,0.0197
1879649,58053.1200,r,20.8954,0.0187
1879649,58053.1220,i,20.7791,0.0224
1879649,58053.1230,z,20.8530,0.0366
1879649,58057.3120,g,20.9161,0.0146
1879649,58057.3150,r,20.8139,0.0143
1879649,58057.3170,i,20.7362,0.0169
1879649,58057.3190,z,20.8552,0.0221
1879649,58064.3170,g,20.8279,0.0462
1879649,58064.3190,r,20.7646,0.0422
1879649,58064.3210,i,20.7123,0.0290
1879649,58064.3250,z,20.8478,0.0534
1879649,58071.3050,g,20.9898,0.0140
1879649,58071.3070,r,20.7625,0.0150
1879649,58071.3090,i,20.6856,0.0195
1879649,58071.3120,z,20.8342,0.0261
1879649,58079.1330,g,21.3645,0.0200
1879649,58079.1350,r,20.9441,0.0195
1879649,58079.1370,i,20.7683,0.0220
1879649,58079.1430,z,20.9399,0.0271
1879649,58084.3000,g,21.8272,0.0382
1879649,58084.3020,r,21.2136,0.0291
1879649,58084.3040,i,20.9496,0.0347
1879649,58084.3100,z,21.0448,0.0459
1879649,58092.1780,r,22.1000,0.1144
1879649,58092.1800,i,21.5331,0.0552
1879649,58092.1830,z,21.6569,0.0553
1879649,58099.0850,g,24.0480,0.1716
1879649,58099.0880,r,22.6097,0.0624
1879649,58099.0900,i,22.1095,0.0595
1879649,58099.0930,z,22.0979,0.0683
1879649,58108.0480,g,24.1866,0.2166
1879649,58108.0500,r,23.2394,0.1176
1879649,58108.0520,i,22.7385,0.0886
1879649,58117.1620,r,23.1398,0.2434
1879649,58117.1640,i,22.7545,0.1484
1879649,58117.1660,z,22.8145,0.1517
1879649,58124.1880,r,23.6550,0.2452
1879649,58124.1910,i,23.1937,0.1510
1879649,58124.1910,z,23.0075,0.1800
1879649,58132.1160,r,24.0368,0.2525
1879649,58132.1180,i,23.4529,0.1809
1879649,58132.1210,z,22.9855,0.2049
1879649,58139.0430,r,23.7441,0.2717
1879649,58139.0450,i,23.2763,0.2107
1879649,58139.0480,z,23.1097,0.2458
1879649,58143.0820,g,22.7435,0.2635
1879649,58143.0870,i,23.2416,0.3252
1879649,58143.0900,z,22.9918,0.2540
1879649,58154.0930,i,23.9195,0.3616
1879649,58154.0950,z,23.5444,0.3145
1891082,58044.3150,r,23.8369,0.2292
1891082,58052.0810,r,22.9649,0.1196
1891082,58052.0830,i,23.0933,0.1418
1891082,58052.0880,z,23.3419,0.2505
1891082,58057.0660,g,23.2487,0.2765
1891082,58057.0690,r,23.1930,0.2414
1891082,58057.0710,i,22.9057,0.1480
1891082,58057.0730,z,22.9845,0.1708
1891082,58064.0510,g,23.7297,0.1572
1891082,58064.0530,r,22.7239,0.0818
1891082,58064.0550,i,22.8220,0.1320
1891082,58064.0610,z,22.6048,0.1268
1891082,58071.0540,g,24.2764,0.2324
1891082,58071.0570,r,22.9277,0.0738
1891082,58071.0590,i,22.9452,0.1066
1891082,58071.0640,z,22.8833,0.1288
1891082,58076.1250,r,23.0352,0.1056
1891082,58076.1270,i,23.0938,0.1416
1891082,58076.1320,z,22.8822,0.1466
1891082,58082.0640,r,23.3780,0.1617
1891082,58082.0660,i,23.1781,0.1713
1891082,58082.0720,z,23.1041,0.2135
1891082,58092.0390,i,23.4887,0.2576
1891082,58097.0540,i,23.5484,0.2043
1891082,58097.0570,z,23.4070,0.2289
1891082,58101.0460,r,24.4282,0.2892
1891082,58101.0480,i,23.8761,0.2551
1891082,58101.0500,z,23.7840,0.3324
1891082,58109.0470,i,24.0238,0.2303
1891082,58113.0520,r,24.3471,0.3277
1891082,58113.0540,i,23.9186,0.2270
1891082,58129.0470,i,24.2717,0.3368
1891082,58129.0530,z,23.8237,0.2914
1900662,58071.0420,r,23.8849,0.1715
1900662,58071.0440,i,23.3988,0.1572
1900662,58071.0470,z,23.6753,0.2646
1900662,58076.1070,g,24.0586,0.2656
1900662,58076.1090,r,22.8915,0.0894
1900662,58076.1110,i,23.0770,0.1443
1900662,58076.1170,z,22.8137,0.1422
1900662,58081.1150,g,23.3292,0.0840
1900662,58081.1170,r,22.5253,0.0475
1900662,58081.1190,i,22.5273,0.0693
1900662,58081.1250,z,22.5561,0.0937
1900662,58085.1100,g,23.2522,0.3545
1900662,58085.1120,r,22.4139,0.1380
1900662,58085.1140,i,22.4656,0.1318
1900662,58085.1170,z,22.6062,0.1408
1900662,58093.0540,g,23.7950,0.1077
1900662,58093.0560,r,22.6081,0.0461
1900662,58093.0580,i,22.4267,0.0572
1900662,58093.0640,z,22.6742,0.0994
1900662,58099.1460,r,22.8694,0.1496
1900662,58099.1480,i,22.5404,0.2363
1900662,58099.1510,z,22.6453,0.3422
1900662,58107.1000,g,24.9198,0.3514
1900662,58107.1020,r,23.1170,0.0847
1900662,58107.1050,i,22.9813,0.0981
1900662,58107.1100,z,23.1906,0.1656
1900662,58117.0610,i,23.4798,0.3600
1900662,58117.0660,z,23.0549,0.2342
1900662,58127.0500,r,24.2821,0.2694
1900662,58127.0520,i,23.6094,0.1989
1900662,58127.0570,z,23.4646,0.2420
1900662,58134.0460,i,23.8756,0.3066
1900662,58134.0490,z,23.6933,0.3273
1904092,58071.0400,g,24.5965,0.3054
1904092,58071.0420,r,23.7732,0.1728
1904092,58071.0440,i,23.7627,0.2566
1904092,58071.0470,z,23.7717,0.3497
1904092,58076.1090,r,22.7624,0.0841
1904092,58081.1150,g,22.6562,0.0480
1904092,58081.1170,r,22.1437,0.0383
1904092,58081.1190,i,22.2057,0.0606
1904092,58081.1250,z,22.2796,0.0889
1904092,58085.1100,g,22.3268,0.1611
1904092,58085.1120,r,21.9877,0.1070
1904092,58085.1140,i,22.2616,0.1294
1904092,58085.1170,z,22.1687,0.1168
1904092,58099.1440,g,23.1793,0.2816
1904092,58099.1460,r,22.2965,0.0922
1904092,58099.1480,i,22.3101,0.2374
1904092,58099.1510,z,22.2365,0.2698
1904092,58107.1000,g,23.8758,0.1388
1904092,58107.1020,r,22.7707,0.0704
1904092,58107.1050,i,22.4963,0.0766
1904092,58107.1100,z,22.9389,0.1622
1904092,58117.0570,g,22.9635,0.3526
1904092,58117.0610,i,22.9208,0.2498
1904092,58127.0500,r,24.2859,0.3074
1904092,58127.0520,i,23.2299,0.1724
1904092,58127.0570,z,22.8957,0.1688
1904092,58134.0460,i,23.4805,0.2536
1904092,58134.0490,z,23.4481,0.3170
1905171,58064.1930,i,23.0317,0.1542
1905171,58071.1770,g,22.4654,0.0420
1905171,58071.1800,r,22.2125,0.0438
1905171,58071.1820,i,22.2184,0.0498
1905171,58071.1850,z,22.3580,0.0679
1905171,58076.1980,g,22.3138,0.0517
1905171,58076.2000,r,21.9598,0.0408
1905171,58076.2020,i,21.8996,0.0489
1905171,58076.2050,z,22.2300,0.0831
1905171,58082.1740,g,22.3834,0.0582
1905171,58082.1760,r,21.8933,0.0480
1905171,58082.1780,i,21.8291,0.0614
1905171,58082.1800,z,22.2674,0.1221
1905171,58092.0640,r,22.4353,0.1690
1905171,58092.0660,i,22.0643,0.0956
1905171,58092.0710,z,22.5640,0.1426
1905171,58097.1400,g,23.2568,0.1017
1905171,58097.1430,r,22.3650,0.0551
1905171,58097.1450,i,22.5077,0.0748
1905171,58097.1470,z,22.8013,0.1315
1905171,58102.0540,g,24.0228,0.2218
1905171,58102.0570,r,22.8064,0.0941
1905171,58102.0590,i,22.9389,0.1329
1905171,58102.0640,z,22.9652,0.1621
1905171,58109.0700,g,24.5257,0.2241
1905171,58109.0720,r,22.9266,0.0697
1905171,58109.0770,z,22.8986,0.0978
1905171,58113.0930,r,23.1666,0.1109
1905171,58113.0950,i,22.7892,0.0784
1905171,58113.1000,z,22.9047,0.0984
1905171,58122.1190,i,23.1501,0.1704
1905171,58122.1240,z,23.2243,0.2096
1905171,58129.0970,r,23.9187,0.2640
1905171,58129.0990,i,23.4184,0.2461
1905171,58134.0910,r,24.1850,0.2731
1905171,58134.0930,i,23.6230,0.1997
1905171,58134.0960,z,23.4313,0.2223
1922067,58092.0340,g,21.1464,0.0259
1922067,58092.0370,r,21.1733,0.0291
1922067,58092.0390,i,21.3621,0.0355
1922067,58092.0410,z,21.6829,0.0670
1922067,58097.0490,g,20.4975,0.0089
1922067,58097.0520,r,20.6099,0.0106
1922067,58097.0540,i,20.7865,0.0164
1922067,58097.0570,z,21.1367,0.0285
1922067,58101.0440,g,20.3051,0.0075
1922067,58101.0460,r,20.3929,0.0089
1922067,58101.0480,i,20.6515,0.0148
1922067,58101.0500,z,21.0733,0.0273
1922067,58109.0430,g,20.4010,0.0106
1922067,58109.0450,r,20.3392,0.0092
1922067,58109.0470,i,20.5826,0.0112
1922067,58109.0500,z,21.2636,0.0229
1922067,58113.0490,g,20.5289,0.0136
1922067,58113.0520,r,20.3948,0.0103
1922067,58113.0540,i,20.6686,0.0125
1922067,58113.0560,z,21.4121,0.0286
1922067,58122.0870,g,21.2311,0.0356
1922067,58122.0890,r,20.8251,0.0190
1922067,58122.0910,i,21.1180,0.0204
1922067,58122.0960,z,21.8710,0.0420
1922067,58129.0430,g,21.9979,0.0361
1922067,58129.0450,r,21.0873,0.0165
1922067,58129.0470,i,21.2316,0.0229
1922067,58129.0530,z,21.8225,0.0467
1922067,58136.0400,g,22.5636,0.0872
1922067,58136.0430,r,21.3892,0.0260
1922067,58136.0450,i,21.3428,0.0302
1922067,58136.0480,z,21.7505,0.0526
1927242,58093.0540,g,23.9839,0.1378
1927242,58093.0560,r,23.7061,0.1474
1927242,58093.0580,i,23.8031,0.2544
1927242,58099.1440,g,22.2848,0.0984
1927242,58099.1460,r,22.1174,0.0812
1927242,58099.1480,i,22.2412,0.2295
1927242,58099.1510,z,22.5712,0.3539
1927242,58107.1000,g,21.8505,0.0245
1927242,58107.1020,r,21.6066,0.0274
1927242,58107.1050,i,21.6165,0.0383
1927242,58107.1100,z,22.2139,0.0822
1927242,58117.0570,g,22.0342,0.1842
1927242,58117.0590,r,21.8738,0.1116
1927242,58117.0610,i,22.1649,0.1279
1927242,58127.0480,g,24.2197,0.2315
1927242,58127.0500,r,22.5618,0.0668
1927242,58127.0520,i,22.4312,0.0856
1927242,58127.0570,z,22.5656,0.1206
1927242,58134.0410,g,23.7873,0.3336
1927242,58134.0440,r,23.2876,0.1895
1927242,58134.0460,i,23.0457,0.1887
1927242,58134.0490,z,23.0709,0.2219
1929063,58071.0260,g,24.5268,0.3134
1929063,58099.1000,g,24.5150,0.2468
1929063,58099.1030,r,23.5866,0.2049
1929063,58099.1050,i,23.6374,0.2642
1929063,58099.1070,z,23.4861,0.3260
1929063,58107.0870,g,21.9148,0.0314
1929063,58107.0890,r,21.6501,0.0249
1929063,58107.0910,i,21.6422,0.0299
1929063,58107.0960,z,22.1569,0.0636
1929063,58117.0430,g,21.3652,0.0576
1929063,58117.0460,r,21.1072,0.0283
1929063,58117.0480,i,21.2310,0.0293
1929063,58117.0530,z,21.8609,0.0700
1929063,58125.0450,g,21.8180,0.0385
1929063,58125.0480,r,21.2376,0.0202
1929063,58125.0500,i,21.3950,0.0299
1929063,58125.0530,z,22.0681,0.0640
1929063,58133.0470,g,22.6041,0.0959
1929063,58133.0500,r,21.7770,0.0409
1929063,58133.0520,i,21.8067,0.0555
1929063,58133.0550,z,22.6278,0.1776
1948484,58118.0700,z,23.8255,0.3040
1948484,58122.0650,r,24.4391,0.2096
1948484,58127.0730,i,23.0075,0.1707
1948484,58128.0430,z,22.6327,0.0533
1948484,58129.0700,g,22.6978,0.0339
1948484,58129.0830,r,22.6134,0.0341
1948484,58133.0850,i,22.2295,0.0518
1948484,58133.0980,g,22.2618,0.0367
1948484,58135.0710,z,22.0856,0.0441
1948484,58136.0680,r,21.9966,0.0195
1948484,58140.0360,i,21.9431,0.0391
1948484,58152.0560,i,22.3661,0.0616
